normalized_time,Participant_1493663240_A01890.p,Participant_1496443804_A01890.p
0.0,24.346191,6.682961
0.3,24.387186,6.679119999999999
0.5,24.34363,6.684242
0.8,24.510172,6.682961
1.0,24.439713,6.671436
1.3,24.394873,6.488316
1.5,24.449961,6.478072
1.8,24.529388,6.424288
2.0,24.558853,6.301354
2.3,24.590881,6.388433
2.5,24.671591,6.585639
2.8,24.694651,6.56643
3.0,24.748457,6.507524
3.3,24.715149,6.787967
3.5,24.794577,6.967246
3.8,24.715149,7.09738
4.0,24.780485,7.110186
4.3,24.853506,7.160128
4.5,24.721554,7.160128
4.8,24.862474,7.170372
5.0,24.850945,7.133236
5.3,24.877848,7.00518
5.5,24.843258,6.825902
5.8,24.84454,6.843828999999999
6.0,24.793295,6.944992999999999
6.3,24.544762,6.795167999999999
6.5,24.522984,6.900174000000001
6.8,24.665186,6.915541
7.0,24.749739,6.925785
7.3,24.761269,6.929627
7.5,25.021332,6.886088000000001
7.8,25.294226,6.880966
8.0,25.043131,6.854074000000001
8.3,25.130245,6.864317999999999
8.5,25.105904,6.884807
8.8,25.079,6.891210000000001
9.0,25.20583,6.907857000000001
9.3,25.032881,6.929627
9.5,24.622929,6.946274000000001
9.8,25.035444,6.951396000000001
10.0,24.9842,6.973166
10.3,24.86762,6.978288
10.5,25.128963,6.969324
10.8,24.831749,6.964202
11.0,24.762569,6.984691000000001
11.3,25.011103,6.970605
11.5,24.799721,6.964202
11.8,24.767694,6.961641
12.0,24.789473,6.946274000000001
12.3,24.758726,6.936029
12.5,24.72798,6.942432000000001
12.8,24.731823,6.933468
13.0,24.766413,6.928346
13.3,24.745914,6.921944
13.5,24.734385,6.910419
13.8,24.648552,6.911699
14.0,24.598589,6.921944
14.3,24.585777,6.909138
14.5,24.553751,6.901453999999999
14.8,24.563999,6.902735000000001
15.0,24.561438,6.91298
15.3,24.505068,6.900174000000001
15.5,24.201427,6.900174000000001
15.8,24.13353,6.909138
16.0,24.155308,6.898892999999999
16.3,24.27445,6.879685
16.5,24.165556,6.891210000000001
16.8,24.027197,6.89249
17.0,23.565256,6.893771000000001
17.3,23.610094,6.888649000000001
17.5,23.558849,6.889929
17.8,23.51273,6.878405
18.0,23.000864,6.882246
18.3,23.089102,6.883527000000001
18.5,23.218493,6.875844
18.8,23.337635,6.870721000000001
19.0,23.217213,6.866878999999999
19.3,22.349907,6.872002
19.5,22.267675,6.859196000000001
19.8,22.397068,6.863038
20.0,23.119608,6.863038
20.3,23.312014,6.855353999999999
20.5,23.660473,6.857914999999999
20.8,24.144886,6.860475999999999
21.0,24.01236,6.852792999999999
21.3,24.472275,6.850232000000001
21.5,24.638817,6.860475999999999
21.8,25.080261,6.847671000000001
22.0,25.308317,6.856635000000001
22.3,25.201986,6.852792999999999
22.5,25.187895,6.847671000000001
22.8,25.351875,6.834866000000001
23.0,25.035444,6.838707
23.3,24.863777,6.839988000000001
23.5,25.10078,6.832304
23.8,25.029037,6.837427000000001
24.0,24.967545,6.852792999999999
24.3,24.85737,6.837427000000001
24.5,24.731823,6.82206
24.8,24.748478,6.865599
25.0,24.794598,6.943713000000001
25.3,24.765131,6.887367999999999
25.5,24.783068,6.851512
25.8,24.836874,6.825902
26.0,24.758726,6.823339999999999
26.3,24.771538,6.790046
26.5,24.756165,6.696565
26.8,24.798441,6.412281
27.0,24.929111,6.586919
27.3,24.980356,6.729062
27.5,24.944485,6.791809
27.8,25.316004,6.798211999999999
28.0,25.401838,6.791809
28.3,25.305756,6.771319999999999
28.5,25.294226,6.754672999999999
28.8,25.271166,6.754672999999999
29.0,25.239138,6.746989
29.3,25.267323,6.738025
29.5,25.421055,6.729062
29.8,25.506887,6.721378
30.0,25.432585,6.702169
30.3,25.410807,6.70345
30.5,25.373653,6.695767
30.8,25.290382,6.682961
31.0,25.221203,6.676558
31.3,25.204548,6.671436
31.5,25.198143,6.656069
31.8,25.157148,6.652228
32.0,25.222485,6.663753
32.3,25.250668,6.65735
32.5,25.204548,6.639422
32.8,25.374935,6.6343
33.0,25.241701,6.639422
33.3,25.455645,6.6343
33.5,25.585035,6.630458
33.8,26.054344,6.629178
34.0,26.505508,6.618933
34.3,26.573406,6.622775
34.5,26.018032,6.618933
34.8,25.76247,6.617653
35.0,25.76375,6.607408
35.3,25.758627,6.615091
35.5,25.74069,6.599725
35.8,26.004597,6.602286
36.0,26.272346,6.592041
36.3,26.281315,6.636861
36.5,26.190357,6.662472
36.8,26.442734,6.741867
37.0,26.50807,7.062007
37.3,25.561337,7.484108999999999
37.5,25.379421,7.538556
37.8,25.281841,7.591059
38.0,25.95698,7.591059
38.3,26.012068,7.606425
38.5,25.778908,7.629475
38.8,24.879576,7.646122
39.0,24.699795,7.68582
39.3,25.573505,7.698625999999999
39.5,26.058187,7.721676
39.8,25.417854,7.729359
40.0,24.879576,7.783142999999999
40.3,24.904772,7.784422999999999
40.5,25.60297,7.822839999999999
40.8,25.885239,7.831803999999999
41.0,25.668734,7.84589
41.3,25.083271,7.902235000000001
41.5,24.879576,7.895832
41.8,24.378239,7.883025999999999
42.0,23.873466,7.836925999999999
42.3,23.43202,7.698625999999999
42.5,23.918131,7.866378999999999
42.8,24.161541,7.879185000000001
43.0,24.660595,7.18256
43.3,25.184031,6.800953
43.5,25.086687,7.194703
43.8,24.802284,7.2344
44.0,24.913738,7.140919
44.3,25.053379,6.674795
44.5,25.55685,6.407158
44.8,26.186296,6.183543
45.0,26.468355,6.456302
45.3,26.514475,6.020912
45.5,26.195482,6.908339999999999
45.8,26.192919,6.384591
46.0,25.758627,6.385871
46.3,25.672792,6.622775
46.5,25.643328,6.878887
46.8,25.631798,6.880167
47.0,25.638203,6.869923
47.3,25.61002,6.355138
47.5,25.556213,6.350016
47.8,25.531872,6.261657
48.0,25.1422,6.478072
48.3,25.160135,5.864683
48.5,25.184477,6.245445
48.8,25.184477,6.46314
49.0,25.224192,6.563869
49.3,25.272873,6.814858999999999
49.5,25.155012,6.900656
49.8,25.187038,6.923707
50.0,25.251095,6.942432000000001
50.3,25.267748,7.023108000000001
50.5,25.263905,7.102502
50.8,25.128109,6.898892999999999
51.0,24.96669,6.54674
51.3,24.631897,6.304714
51.5,24.561438,6.183543
51.8,24.556313,6.091342
52.0,24.590902,6.113112
52.3,24.528128,6.099026
52.5,24.069473,6.018351
52.8,24.171963,6.017069999999999
53.0,24.206553,6.014508999999999
53.3,24.238579,5.905661
53.5,24.232174,5.926586
53.8,24.161713,5.918902
54.0,24.234735,5.915061
54.3,24.216801,5.91378
54.5,24.233456,5.880486
54.8,24.106627,5.907376999999999
55.0,24.10022,5.888169
55.3,24.200146,5.866398999999999
55.5,24.164276,5.833105000000001
55.8,24.165556,5.827982
56.0,24.162994,5.843349
56.3,24.023354,5.787004
56.5,23.624186,5.908658
56.8,23.874001,5.656387
57.0,23.815069,5.643582
57.3,23.940619,5.66151
57.5,24.200682,5.600043
57.8,24.660595,5.849752
58.0,25.184031,5.585957
58.3,25.688805,5.820298999999999
58.5,26.19014,6.273617
58.8,26.689985,6.260812
59.0,27.191519,6.427284999999999
59.3,27.692884,5.908222
59.5,28.194454,5.991894
59.8,28.694923,6.584794
60.0,29.186159,6.492158
60.3,29.340561,6.24501
60.5,29.23423,6.227082
60.8,29.116369,6.278304
61.0,29.154802,6.79565
61.3,29.253447,5.941517
61.5,29.697989,5.860842
61.8,30.155979,5.681998999999999
62.0,30.417583,5.635899
62.3,29.805218,5.534733999999999
62.5,29.818029,5.515526
62.8,29.769348,5.653826
63.0,29.616896,6.113547000000001
63.3,29.589993,6.368379
63.5,29.390142,6.41704
63.8,28.888971,6.488751000000001
64.0,28.498878,6.567711
64.3,28.10363,6.641984
64.5,28.078007,6.686803
64.8,28.040855,6.563869
65.0,27.755877,6.498559999999999
65.3,27.732817,6.859678999999999
65.5,27.700788,6.895534
65.8,27.655951,6.887851
66.0,27.613674,6.654789
66.3,27.605988,6.554905000000001
66.5,27.589333,6.6804
66.8,27.562431,6.665033
67.0,27.564993,6.661192
67.3,27.623922,6.672717
67.5,27.573959,6.699608
67.8,27.557306,6.736745
68.0,27.588053,6.706011
68.3,27.489408,6.529294
68.5,27.149076,6.759795
68.8,27.149076,6.714975
69.0,27.154202,6.809736999999999
69.3,27.14139,6.689364
69.5,27.197758,6.873765
69.8,27.124735,7.02359
70.0,27.131142,7.05128
70.3,27.111925,7.055122
70.5,27.109362,6.898892999999999
70.8,27.065805,6.842549000000001
71.0,27.015842,7.00518
71.3,26.801239,6.80029
71.5,26.680815,6.750349000000001
71.8,26.691065,6.687601
72.0,26.543737,6.694004
72.3,26.283218,6.696565
72.5,26.153828,6.655587
72.8,25.952696,6.733700999999999
73.0,25.8214,6.587717
73.3,25.71763,6.521128
73.5,25.6113,6.586436999999999
73.8,25.765032,6.699126
74.0,25.741972,6.769557000000001
74.3,25.570305,6.802851
74.5,25.556213,7.041036
74.8,25.493439,6.937310000000001
75.0,25.198568,6.893771000000001
75.3,25.197289,6.864317999999999
75.5,25.225471,6.934749000000001
75.8,25.43301,6.91298
76.0,25.276716,6.746507000000001
76.3,25.691793,6.715773
76.5,25.877552,6.774678999999999
76.8,25.951857,6.396914
77.0,25.96851,6.568991
77.3,25.448383,6.665033
77.5,25.555996,6.671436
77.8,25.882677,6.789248
78.0,25.557278,6.826384
78.3,25.292089,6.822541999999999
78.5,25.111454,6.827664
78.8,24.879576,6.97749
79.0,24.378239,6.936029
79.3,24.092533,7.060244
79.5,24.257795,6.857914999999999
79.8,24.177086,6.851512
80.0,24.069473,6.855353999999999
80.3,23.958017,6.629975999999999
80.5,23.52298,6.303433
80.8,23.498638,6.261657
81.0,23.139223,6.187385
81.3,23.845108,5.882611
81.5,23.978342,5.529612
81.8,23.738777,5.454059
82.0,23.708031,5.566748
82.3,23.683689,5.833105000000001
82.5,24.001402,5.89201
82.8,24.319822,6.107144
83.0,24.314699,6.195503
83.3,24.24552,6.254409
83.5,24.372349,6.25697
83.8,24.390284,6.245445
84.0,24.149437,6.250567
84.3,23.968801,6.268495
84.5,23.998266,6.579671
84.8,23.792009,6.926267999999999
85.0,23.88553,6.941152000000001
85.3,23.753576,6.715773
85.5,23.514011,6.709371000000001
85.8,23.636997,6.923224
86.0,23.44355,7.138358
86.3,23.163563,7.052561
86.5,23.14819,7.033352000000001
86.8,22.985491,6.994936
87.0,22.611252,6.888649000000001
87.3,22.542072,6.89249
87.5,22.349907,6.854074000000001
87.8,22.544394,6.829743
88.0,22.550798,6.863038
88.3,22.452154,6.837427000000001
88.5,22.252302,6.612048
88.8,22.152378,6.298311
89.0,22.13188,6.051645
89.3,22.128036,6.031156
89.5,22.349667,6.119515
89.8,21.992239,6.818701
90.0,21.961893,6.211715
90.3,22.068224,6.136162000000001
90.5,22.271919,6.10799
90.8,22.392344,6.106708999999999
91.0,22.192492,6.105429
91.3,22.294979,6.077255999999999
91.5,22.08744,6.060608999999999
91.8,21.988796,6.047803
92.0,22.453836,6.029876
92.3,22.170713,6.102868
92.5,22.364159,6.034998000000001
92.8,22.312914,5.818583
93.0,22.474333,5.966283
93.3,22.590914,5.849752
93.5,23.036337,5.819018
93.8,23.351727,5.877924
94.0,23.386316,5.897133
94.3,23.283829,5.89201
94.5,23.578482,5.898413
94.8,23.750307,5.898413
95.0,23.510742,6.030311
95.3,23.760555,6.078972
95.5,23.787458,6.029030000000001
95.8,23.772085,6.068727
96.0,23.720842,6.017505
96.3,23.605543,6.008541999999999
96.5,23.523552,6.008541999999999
96.8,23.477432,5.995736
97.0,23.585045,5.991894
97.3,23.093103,5.977808
97.5,23.219933,5.957319
97.8,23.162283,5.961161
98.0,22.885565,5.956037999999999
98.3,22.688118,5.939391000000001
98.5,22.800854,5.943233
98.8,22.87644,5.941952
99.0,22.898218,5.982930000000001
99.3,23.427313,6.032872
99.5,23.318419,6.040555
99.8,22.767546,6.034153
100.0,23.15572,6.061044
100.3,23.303045,6.081533
100.5,22.429335,6.070008000000001
100.8,21.850039,6.030311
101.0,21.348248,6.107144
101.3,20.846617,6.107144
101.5,20.345123,6.108425
101.8,19.84392,6.123792
102.0,20.440828,6.11867
102.3,19.342926,6.237761
102.5,20.023939,6.249287000000001
102.8,20.48951,6.227517
103.0,19.69651,6.214712
103.3,19.577368,6.207028
103.5,19.761845,6.196784
103.8,20.133364,6.190380999999999
104.0,20.567657,6.200625
104.3,20.757343,6.209589
104.5,20.399916,6.392709
104.8,20.046333,6.291544999999999
105.0,20.636919,6.236480999999999
105.3,21.110926,6.194222
105.5,21.213709,6.204467
105.8,21.298262,6.200625
106.0,21.332851,6.192942
106.3,21.355911,6.195503
106.5,21.281607,6.190380999999999
106.8,20.746107,6.176295
107.0,20.887028,6.175014
107.3,20.753794,5.927866000000001
107.5,21.277763,5.897133
107.8,21.293137,5.918902
108.0,21.161184,5.769076999999999
108.3,20.962614,5.826702
108.5,21.066381,5.895852
108.8,21.066381,5.827982
109.0,20.697426,5.797249
109.3,20.966457,5.765235
109.5,20.678209,5.735782
109.8,21.065102,5.710171
110.0,20.87678,5.70889
110.3,20.974142,5.681998999999999
110.5,21.170151,5.634618
110.8,20.993359,5.609006
111.0,20.691019,5.615409
111.3,20.667961,5.580833999999999
111.5,20.757637,5.559065
111.8,20.869093,5.520648
112.0,21.108658,5.469426
112.3,21.252142,5.450216999999999
112.5,21.130438,5.436131
112.8,21.10994,5.423026
113.0,20.706392,5.399975
113.3,20.733295,5.376925
113.5,20.797352,5.366681
113.8,21.189367,5.367961
114.0,20.543694,5.352595
114.3,20.559067,5.343630999999999
114.5,20.683334,5.328264
114.8,20.910088,5.330825
115.0,20.734577,5.3193
115.3,20.480919,5.270639
115.5,20.453722,5.234783
115.8,20.756062,5.123374
116.0,20.015587,5.146425
116.3,20.585676,5.188683
116.5,20.772717,5.161791
116.8,20.725315,5.143864
117.0,20.542118,5.077274
117.3,21.063526,5.105447
117.5,20.890871,5.009405
117.8,20.881905,4.982513
118.0,20.805038,4.942816000000001
118.3,21.093285,4.923607
118.5,21.200897,4.935633999999999
118.8,20.682053,4.852397
119.0,21.236769,4.866484
119.3,20.814005,4.848555999999999
119.5,20.776854,4.771722
119.8,20.890871,4.739708
120.0,20.857563,4.74227
120.3,20.637215,4.747392
120.5,20.674366,4.756355
120.8,20.984392,4.806297
121.0,20.626965,4.799894
121.3,20.921618,4.790931
121.5,20.605186,4.824225
121.8,20.778135,4.865203
122.0,20.566753,4.92795
122.3,20.689739,4.893375
122.5,20.646181,4.870325
122.8,20.683334,4.653911
123.0,20.908808,4.976612
123.3,20.917774,4.986856
123.5,20.957489,4.865203
123.8,20.793509,5.008626
124.0,20.81913,4.646227
124.3,20.931868,4.320965
124.5,20.885748,4.3169
124.8,20.916494,4.315619
125.0,20.893435,4.313058
125.3,20.839628,4.273361
125.5,20.702549,4.314339
125.8,21.092005,4.379648
126.0,21.099691,4.40782
126.3,21.527578,4.724118
126.5,21.719046,4.932849
126.8,21.409019,4.902339
127.0,21.704954,4.958684
127.3,21.426956,4.878009
127.5,21.658834,4.910023000000001
127.8,21.488447,4.821664
128.0,21.488447,4.85752
128.3,21.516632,4.975331
128.5,21.836906,5.099545
128.8,21.669083,5.504201999999999
129.0,21.665239,5.758532
129.3,21.612715,5.335948
129.5,21.836906,5.209172
129.8,21.836906,4.872385
130.0,21.986795,4.756355
130.3,21.822815,4.828067
130.5,21.848436,4.971489
130.8,21.87534,4.894655999999999
131.0,21.934271,5.072654
131.3,21.902243,5.113632
131.5,22.03804,4.971489
131.8,22.151497,4.806297
132.0,22.175837,4.842153
132.3,22.205303,4.682083
132.5,22.253984,4.650069
132.8,22.348785,4.687205000000001
133.0,21.776134,4.776845
133.3,21.615997,4.72178
133.5,21.904243,4.751233
133.8,22.147654,4.7205
134.0,21.741545,4.72178
134.3,21.687738,4.706414
134.5,21.814568,4.784528
134.8,21.88759,4.794772
135.0,21.917055,4.797333
135.3,22.022104,4.802455
135.5,22.08744,4.813981
135.8,22.311634,4.8127
136.0,22.068224,4.807577999999999
136.3,22.169432,4.796053
136.5,22.218113,4.794772
136.8,22.186087,4.792211
137.0,22.362877,4.78837
137.3,22.187366,4.776845
137.5,22.257828,4.7666
137.8,22.315477,4.752514
138.0,22.291136,4.752514
138.3,22.314196,4.757636
138.5,22.35391,4.762758
138.8,22.371845,4.753794
139.0,22.40131,4.749953
139.3,22.410278,4.748672
139.5,22.420527,5.025273
139.8,22.442307,5.104668
140.0,22.465366,5.340291000000001
140.3,22.542231,5.427369000000001
140.5,22.712217,5.229661
140.8,22.354792,5.133619
141.0,22.513647,5.265517
141.3,22.664818,5.337228
141.5,22.800613,5.361558
141.8,22.850576,5.358997
142.0,22.803177,5.361558
142.3,22.728872,5.360278
142.5,22.631508,5.343630999999999
142.8,22.379131,5.303934
143.0,23.014557,5.118252
143.3,23.148033,5.114409999999999
143.5,22.665058,5.157948999999999
143.8,22.617657,5.388451
144.0,22.903343,5.442234
144.3,22.736799,5.306495
144.5,22.772671,5.293689
144.8,22.453676,5.294969999999999
145.0,22.340698,5.260395
145.3,22.245897,5.219417
145.5,22.033236,5.278322
145.8,22.046045,5.211733000000001
146.0,22.103695,5.200208
146.3,22.139566,5.224539
146.5,22.171595,5.216856
146.8,22.198498,5.221978
147.0,22.225401,5.221978
147.3,22.248459,5.219417
147.5,22.271519,4.995318
147.8,22.327888,5.315458
148.0,22.374008,4.935132
148.3,22.421408,4.674399
148.5,22.470091,4.801175
148.8,22.490587,4.813981
149.0,22.709656,4.806297
149.3,23.160603,4.883131
149.5,23.660473,4.94844
149.8,24.051365,4.959964
150.0,24.422312,4.939476
150.3,24.45562,4.935633999999999
150.5,24.481241,4.930511
150.8,24.590136,4.842153
151.0,24.735645,4.842153
151.3,24.735645,4.83447
151.5,24.861193,4.662875
151.8,24.549887,4.565551999999999
152.0,24.836853,4.60653
152.3,24.947027,4.760197
152.5,24.084846,4.883131
152.8,23.873466,5.125157
153.0,23.415367,5.140523
153.3,23.108477,5.100826000000001
153.5,23.139223,5.026554
153.8,23.159719,4.986856
154.0,23.177656,4.984294999999999
154.3,23.194309,4.952281
154.5,23.213526,4.967648000000001
154.8,23.227619,4.907462000000001
155.0,23.239149,4.840872
155.3,23.259645,4.867764
155.5,23.277582,4.783247
155.8,23.31089,4.826786
156.0,23.359571,4.758916
156.3,23.400566,4.620616
156.5,23.433876,4.682083
156.8,23.467184,4.615494
157.0,23.506899,4.688486
157.3,23.533802,4.710255
157.5,23.565828,4.551466
157.8,23.583765,4.564271
158.0,24.143604,4.496402
158.3,24.660595,4.510488
158.5,25.05464,4.600127
158.8,25.422337,4.441338
159.0,25.627312,4.450078
159.3,25.667452,4.432151
159.5,25.570087,4.493618
159.8,25.158855,4.621674
160.0,25.169104,4.648565000000001
160.3,25.137077,4.63704
160.5,25.139639,4.68314
160.8,25.084551,4.701068
161.0,25.155012,4.718996
161.3,24.964128,4.579415
161.5,24.745914,4.639601
161.8,24.730541,4.838088
162.0,24.761288,4.822721
162.3,24.743353,4.815037999999999
162.5,24.736948,4.752291
162.8,24.757444,4.72924
163.0,24.744635,4.752291
163.3,24.771538,4.747169
163.5,24.667768,4.721557
163.8,24.733105,4.724118
164.0,24.70492,4.721557
164.3,24.543501,4.678018
164.5,24.640865,4.666493
164.8,24.498663,4.656249
165.0,24.07588,4.678018
165.3,24.192459,4.680579
165.5,24.230892,4.665213
165.8,24.230892,4.678018
166.0,24.36797,4.699788
166.3,24.215519,4.735643
166.5,24.224487,4.784305000000001
166.8,24.334661,4.822721
167.0,24.159151,4.822721
167.3,24.03104,4.816319
167.5,24.114847,4.813757
167.8,24.073853,4.858576999999999
168.0,23.350031,4.881627
168.3,22.850975,4.91108
168.5,23.478556,4.894433
168.8,23.551579,4.815037999999999
169.0,23.645258,4.802233
169.3,23.155876,4.807355
169.5,23.309608,4.81888
169.8,23.476152,4.830405000000001
170.0,23.419783,4.831686
170.3,23.346762,4.821441
170.5,23.611948,4.871383
170.8,23.264771,4.932849
171.0,23.804113,4.947159
171.3,23.389036,4.930511
171.5,23.289112,4.885692
171.8,23.454372,4.305598000000001
172.0,23.394161,4.809916
172.3,23.145628,5.019928
172.5,23.055952,5.088019999999999
172.8,23.462059,4.595005
173.0,23.023924,5.099545
173.3,22.850975,4.983015
173.5,22.431898,4.619336
173.8,22.236931,4.395237
174.0,22.092165,4.336109
174.3,22.048609,4.574293
174.5,22.010176,4.875225
174.8,21.649305,4.320742
175.0,21.756918,4.260555999999999
175.3,21.671083,4.45392
175.5,21.831221,4.398855999999999
175.8,21.604467,4.204211
176.0,21.93371,4.1786
176.3,22.266794,4.188844
176.5,22.077192,4.432151
176.8,22.266794,4.980230000000001
177.0,22.471771,5.025273
177.3,22.547356,4.853677999999999
177.5,22.643038,4.305598000000001
177.8,22.580265,3.805957
178.0,22.557205,4.02843
178.3,22.502117,3.924705
178.5,22.476496,3.471387
178.8,22.467527,4.591876999999999
179.0,22.639194,4.398855999999999
179.3,22.614855,4.438553
179.5,22.476496,4.494898
179.8,22.498274,4.088961
180.0,22.520054,3.805957
180.3,22.599482,3.607126
180.5,22.582827,3.468826
180.8,22.558485,3.595601
181.0,22.571297,3.327964
181.3,22.559767,3.442902
181.5,22.532864,3.855242
181.8,22.040922,4.081901999999999
182.0,22.452154,4.178256
182.3,22.810863,3.377906
182.5,22.731434,3.800178
182.8,22.562328,4.005068
183.0,22.316359,4.043797000000001
183.3,22.088322,4.065567
183.5,22.543112,4.092458000000001
183.8,22.867231,4.046358000000001
184.0,22.389381,4.013063
184.3,22.142128,4.071969999999999
184.5,22.73912,4.124472
184.8,22.856981,4.161608999999999
185.0,22.486744,4.107825
185.3,22.526459,3.86836
185.5,22.531582,3.311317
185.8,22.655849,3.720783
186.0,22.361197,3.870609
186.3,22.198498,3.729748
186.5,22.362478,3.960248
186.8,22.268957,4.005380000000001
187.0,22.778835,3.991294
187.3,23.003027,3.650665
187.5,23.441404,3.991294
187.8,23.413219,3.850432
188.0,23.442686,3.394553
188.3,23.30817,3.855242
188.5,23.519552,3.892379
188.8,23.738777,3.522297
189.0,23.455654,3.149654
189.3,23.569672,3.126604
189.5,23.501774,3.124043
189.8,23.335232,3.131726
190.0,23.190466,3.109957
190.3,23.323702,3.126604
190.5,23.335232,3.099712
190.8,23.278862,3.084345
191.0,23.191748,3.033123
191.3,23.071325,2.989584
191.5,22.850975,2.830794
191.8,22.349907,2.929459
192.0,21.850039,2.93202
192.3,21.409739,2.939704
192.5,21.143833,2.949948
192.8,21.220697,2.949948
193.0,21.357777,2.960193
193.3,21.438486,2.972998
193.5,21.502541,2.984524
193.8,21.56019,2.984524
194.0,21.605028,2.994768
194.3,21.653709,3.025501
194.5,21.706236,3.020379
194.8,21.76004,3.003732
195.0,21.798473,3.035746
195.3,21.838188,3.028062
195.5,21.868935,2.99989
195.8,21.889433,3.038307
196.0,21.917616,3.028062
196.3,21.943239,2.981962
196.5,21.968861,2.99989
196.8,22.157183,3.492906
197.0,22.646,4.098549
197.3,23.083736,4.34857
197.5,23.484962,4.342167
197.8,23.516989,4.349851
198.0,23.915569,4.353693
198.3,23.892509,4.343448
198.5,23.933504,4.352412
198.8,23.874575,4.360096
199.0,23.898914,4.374182
199.3,23.921974,4.375462000000001
199.5,24.009089,4.379304
199.8,24.465868,4.386987
200.0,24.462025,4.416440000000001
200.3,24.23399,4.358815
200.5,24.212212,4.356254
200.8,24.255768,4.335765
201.0,23.71002,4.249967
201.3,23.677992,4.261492
201.5,23.671587,4.242284
201.8,23.594721,4.214111
202.0,23.380777,4.229478
202.3,23.412096,4.189781
202.5,23.230181,4.162889
202.8,23.181499,4.152645
203.0,23.150753,4.084775
203.3,23.128973,4.079653
203.5,23.079012,4.088617
203.8,23.027767,4.07325
204.0,22.998302,4.055322
204.3,22.88797,4.052761
204.5,23.055794,4.029711
204.8,23.260769,3.966964
205.0,22.703491,4.043797000000001
205.3,23.06476,4.103983
205.5,23.09935,4.129595
205.8,22.898218,4.150084
206.0,22.685556,4.042517
206.3,22.674026,4.088617
206.5,22.595879,4.135997
206.8,22.438303,4.132156
207.0,22.334293,4.097580000000001
207.3,22.930004,3.375345
207.5,23.160603,3.71182
207.8,23.660473,3.764323000000001
208.0,24.161541,3.687489
208.3,24.660595,3.632425
208.5,25.150723,3.570958
208.8,25.500483,3.494124
209.0,25.314724,3.565836
209.3,25.244263,3.604253
209.5,24.378239,3.533822
209.8,24.230892,3.526138
210.0,24.132248,3.472355
210.3,24.020792,3.524858
210.5,23.643402,3.559433
210.8,24.025169,3.541505
211.0,23.68696,3.526138
211.3,23.666462,3.432657
211.5,23.666462,3.48388
211.8,23.775356,3.515894
212.0,24.362099,3.495405
212.3,23.531946,3.472355
212.5,24.061041,3.418571
212.8,24.017483,3.421133
213.0,24.255768,3.428816
213.3,23.888092,3.405766
213.5,23.957272,3.521016
213.8,24.146875,3.722064
214.0,24.073853,3.663158
214.3,23.539633,3.650353
214.5,23.964958,3.663158
214.8,23.717707,3.637547
215.0,23.708738,3.654194
215.3,23.473017,3.503088
215.5,23.027767,3.559433
215.8,22.948339,3.595289
216.0,22.355032,3.545347
216.3,22.441906,3.52998
216.5,22.653288,3.492844
216.8,22.468809,3.455708
217.0,22.329168,3.518455
217.3,22.267675,3.563275
217.5,22.170313,3.550469
217.8,22.088322,3.544066
218.0,22.12035,3.500527
218.3,21.923061,3.538944
218.5,21.348248,3.57608
218.8,21.719046,3.540225
219.0,20.88377,3.590166
219.3,20.345123,3.50565
219.5,19.84392,3.563275
219.8,19.342926,3.570958
220.0,19.120764,3.608094
220.3,19.280901,3.600411
220.5,19.1861,3.590166
220.8,19.137419,3.567116
221.0,18.841484,3.518455
221.3,18.866425,3.595289
221.5,18.623014,3.604253
221.8,18.451347,3.592727
222.0,18.572712,3.581203
222.3,18.545809,3.579922
222.5,18.486877,3.547908
222.8,19.017252,3.533822
223.0,19.08293,3.523577
223.3,18.637108,3.504369
223.5,19.150827,3.50565
223.8,19.432671,3.549188
224.0,19.209759,3.626022
224.3,18.948414,3.618339
224.5,19.030405,3.582483
224.8,19.208477,3.577361
225.0,19.185417,3.619619
225.3,19.118801,3.633705
225.5,18.929197,3.663158
225.8,18.480812,3.66572
226.0,18.087175,3.669561
226.3,18.912203,3.679806
226.5,19.135115,3.679806
226.8,19.512098,3.677244
227.0,20.090557,3.693892
227.3,20.112867,3.675964
227.5,19.945044,3.723345
227.8,20.087244,3.728467
228.0,20.170517,3.733589
228.3,19.472317,3.746395
228.5,19.688292,3.729748
228.8,19.672918,3.720783
229.0,19.802309,3.714381
229.3,19.970133,3.715661
229.5,19.694696,3.720783
229.8,19.881737,3.742553
230.0,19.803591,3.722064
230.3,20.032907,3.729748
230.5,20.4767,3.755358999999999
230.8,20.492073,3.746395
231.0,20.516497,3.773287
231.3,20.228249,3.784811
231.5,19.95153,3.793776
231.8,19.646547,3.801458999999999
232.0,19.737505,3.8053
232.3,20.481823,3.801458999999999
232.5,20.595842,3.809142
232.8,21.008438,3.806581
233.0,21.049728,3.836034
233.3,20.345123,3.94104
233.5,20.662542,3.925986
233.8,21.094273,3.98105
234.0,21.496832,3.863238
234.3,22.057257,3.756952
234.5,22.146372,3.733902
234.8,22.405153,3.736463
235.0,22.533264,3.735182
235.3,22.57514,3.836346
235.5,22.361197,3.746707
235.8,22.748089,3.728779
236.0,22.165188,3.687801
236.3,22.751932,3.581515
236.5,22.896696,3.659629
236.8,23.003027,3.68524
237.0,23.33251,3.687801
237.3,23.55286,3.666032
237.5,23.983467,3.673715
237.8,24.097485,3.666032
238.0,24.488928,3.645543
238.3,24.441528,3.713413
238.5,24.255768,3.695485
238.8,23.350031,3.68524
239.0,22.909906,3.673715
239.3,22.798292,3.664751
239.5,22.94562,3.672435
239.8,22.80854,3.664751
240.0,22.875158,3.698046
240.3,23.069885,3.690362
240.5,23.361977,3.68524
240.8,23.30945,3.724938
241.0,23.009674,3.695485
241.3,22.744486,3.673715
241.5,22.863628,3.694204
241.8,22.708614,3.689082
242.0,22.583067,3.703168
242.3,22.602283,3.713413
242.5,22.458801,3.657068
242.8,21.992239,3.681399
243.0,21.558348,3.695485
243.3,21.954206,3.689082
243.5,22.287292,3.682679
243.8,22.078474,3.645543
244.0,22.095127,3.612248
244.3,21.801756,3.655787
244.5,21.562191,3.677557
244.8,21.624964,3.671154
245.0,21.571157,3.590479
245.3,21.864531,3.467545
245.5,21.738981,3.572551
245.8,22.157902,3.603283999999999
246.0,21.89912,3.669873
246.3,21.366182,3.635298
246.5,20.870958,3.628896
246.8,20.428394,3.658349
247.0,20.098858,3.742866
247.3,19.991245,3.691643
247.5,19.55687,3.690362
247.8,19.492815,3.727499
248.0,19.403887,3.658349
248.3,19.808714,3.698046
248.5,19.119482,3.612248
248.8,19.831774,3.54694
249.0,19.444881,3.578954
249.3,19.988068,3.603283999999999
249.5,19.672918,3.627615
249.8,19.962446,3.700607
250.0,20.15205,3.842749
250.3,20.518976,3.869641000000001
250.5,20.588238,3.872202
250.8,20.747093,3.860676999999999
251.0,20.501123,3.878605
251.3,20.376856,3.882447
251.5,20.428101,3.931108
251.8,20.624109,3.925986
252.0,20.248747,3.900374
252.3,20.330736,3.899094
252.5,20.080923,3.795368
252.8,20.133448,3.851713
253.0,20.662542,3.915741
253.3,20.483187,3.950316
253.5,20.24106,3.920863
253.8,19.850325,3.952877
254.0,20.328093,3.938791
254.3,20.533068,3.91446
254.5,19.941282,3.933669
254.8,20.372931,3.52389
255.0,20.43058,4.093739
255.3,20.46517,3.941352
255.5,20.594561,4.036114
255.8,21.090429,4.000258000000001
256.0,21.304667,3.89141
256.3,21.491707,3.925986
256.5,21.327726,3.849152
256.8,21.400749,3.840188
257.0,21.655687,3.917022
257.3,22.157183,3.726218
257.5,22.65625,3.687801
257.8,23.158041,3.722377
258.0,23.474712,3.723657
258.3,23.206963,3.788966
258.5,23.304327,3.795368
258.8,22.816227,3.79921
259.0,22.474174,4.299909
259.3,22.479057,4.581632
259.5,21.850039,4.42959
259.8,21.771009,4.260555999999999
260.0,21.771009,4.085119000000001
260.3,21.50326,4.068471
260.5,21.660116,4.053105
260.8,21.359056,4.026212999999999
261.0,21.507664,4.023651999999999
261.3,21.585812,4.013408
261.5,21.456421,4.059508
261.8,21.453859,4.041580000000001
262.0,21.543535,4.024932
262.3,21.508945,3.977552
262.5,21.517914,4.000602
262.8,21.192514,3.99548
263.0,21.262974,3.97371
263.3,20.846617,4.012127
263.5,20.348967,3.966027
263.8,19.84392,3.986516
264.0,19.342926,3.97371
264.3,19.122046,3.987796
264.5,19.341114,3.949379
264.8,19.537121,3.968588
265.0,19.638329,3.982674
265.3,19.7216,3.945538
265.5,19.749784,3.978832
265.8,19.868927,4.003163
266.0,19.89583,3.99676
266.3,19.922733,3.977552
266.5,19.92017,4.035177
266.8,19.958603,3.982674
267.0,19.988068,4.005724
267.3,20.004723,3.994199
267.5,20.313999,3.922488
267.8,20.352432,3.887569
268.0,20.367805,3.909338
268.3,20.404957,3.91446
268.5,20.440828,3.865799
268.8,20.467731,3.885008
269.0,20.492073,3.899094
269.3,20.798338,3.879885
269.5,20.827803,3.855555
269.8,20.853426,3.869641000000001
270.0,20.882891,3.873483
270.3,20.903389,3.814577
270.5,20.937979,3.759513
270.8,20.962318,3.809455
271.0,20.981535,3.676276
271.3,21.002033,3.759513
271.5,21.312353,3.818419
271.8,21.322601,3.77616
272.0,21.332851,3.817138
272.3,21.344381,3.815857
272.5,21.348225,3.765916
272.8,21.350786,3.819699
273.0,21.373846,3.728779
273.3,21.404593,3.736463
273.5,21.440464,3.792807
273.8,21.463524,3.77616
274.0,21.468647,3.794088
274.3,21.47121,3.630176
274.5,21.475054,3.773599
274.8,21.485302,3.808174
275.0,21.503237,3.758232
275.3,21.80488,3.86708
275.5,21.802317,3.852994
275.8,21.80616,3.806893
276.0,21.836906,3.870921
276.3,21.858686,3.870921
276.5,21.87406,3.86836
276.8,21.886869,3.897813
277.0,21.890713,3.780002
277.3,21.895838,3.856835
277.5,21.902243,3.901655
277.8,21.902243,3.841469
278.0,21.902243,3.931108
278.3,21.903524,4.032272
278.5,21.902243,3.955438
278.8,21.958612,4.110386
279.0,21.966299,4.093739
279.3,21.990639,4.084775
279.5,21.998325,4.120630999999999
279.8,22.296261,4.109106
280.0,22.278324,4.109106
280.3,22.246298,4.143681
280.5,22.252703,4.128314
280.8,22.264233,4.152645
281.0,22.253984,4.185939
281.3,22.236048,4.185939
281.5,22.22452,4.234601000000001
281.8,22.200178,4.271737
282.0,22.209146,4.25765
282.3,22.2258,4.305031
282.5,22.236048,4.315276
282.8,22.253984,4.324240000000001
283.0,22.266794,4.374182
283.3,22.278324,4.389548
283.5,22.283449,4.416440000000001
283.8,22.286011,4.429245
284.0,22.296261,4.43821
284.3,22.310352,4.460323000000001
284.5,22.325726,4.485933999999999
284.8,22.333412,4.491055999999999
285.0,22.356472,4.49874
285.3,22.382093,4.485933999999999
285.5,22.392344,4.507704
285.8,22.402592,4.52179
286.0,22.40131,4.535876
286.3,22.410278,4.553804
286.5,22.417965,4.578135
286.8,22.41284,4.594782
287.0,22.420527,4.334828
287.3,22.42437,4.378367
287.5,22.419247,4.279764
287.8,22.421808,4.313058
288.0,22.42309,4.360439
288.3,22.439743,4.424467
288.5,22.455116,4.455201000000001
288.8,22.462803,4.469287
289.0,22.467928,4.473129
289.3,22.474333,4.485933999999999
289.5,22.473053,4.483373
289.8,22.484583,4.485933999999999
290.0,22.494831,4.511545
290.3,22.507643,4.488494999999999
290.5,22.81983,4.496179
290.8,22.804457,4.767657
291.0,22.789083,4.813757
291.3,22.744246,4.562768
291.5,22.714781,4.444955999999999
291.8,22.740402,3.844374
292.0,22.766024,4.146242
292.3,22.776274,4.591876999999999
292.5,22.798052,4.747169
292.8,22.814705,4.503862000000001
293.0,22.824955,4.405259
293.3,22.839046,4.791988
293.5,22.850576,4.646004
293.8,22.840328,4.738204000000001
294.0,22.828798,4.711313
294.3,22.832642,4.665213
294.5,22.853138,4.643443
294.8,22.859545,4.635759999999999
295.0,22.858263,3.934013
295.3,22.871075,3.331806
295.5,22.890291,4.095987999999999
295.8,22.891571,4.55474
296.0,22.896696,3.808518
296.3,22.895414,3.946475
296.5,22.900539,4.568827
296.8,22.914631,5.018647000000001
297.0,22.923599,5.573353
297.3,22.932568,5.195086
297.5,22.933847,4.912082
297.8,22.933847,4.632141000000001
298.0,22.935129,4.963806
298.3,22.923599,4.397799
298.5,22.901821,4.552523000000001
298.8,22.887728,4.539718
299.0,22.871075,4.68314
299.3,22.869793,4.91108
299.5,22.874918,5.017366
299.8,22.886448,5.039358999999999
300.0,22.905664,4.714097
300.3,22.924881,4.907462000000001
300.5,22.928724,4.660314
300.8,22.913351,5.098265
301.0,22.878761,5.146926000000001
301.3,22.827517,4.793492
301.5,22.817268,4.304318
301.8,22.824955,3.807237
302.0,22.812143,3.986172
302.3,22.848015,4.430526
302.5,22.869793,4.479187
302.8,22.881323,3.807237
303.0,22.887728,3.815857
303.3,22.894135,3.98233
303.5,22.899258,4.243565
303.8,22.900539,4.339606
304.0,22.910788,4.255089
304.3,22.918474,3.311317
304.5,22.923599,4.095987999999999
304.8,22.933847,3.344611
305.0,22.942816,3.856523
305.3,22.954346,4.095987999999999
305.5,22.960751,4.591876999999999
305.8,22.959471,5.077553
306.0,22.962032,5.186624
306.3,22.959471,5.278824
306.5,22.962032,5.259615
306.8,22.958189,5.082898
307.0,22.951784,5.488836
307.3,22.942816,5.490895
307.5,22.938972,5.108008
307.8,22.950502,4.873665
308.0,22.968437,4.893375
308.3,22.981249,4.324807
308.5,22.987654,3.807237
308.8,22.992779,3.310036
309.0,22.994061,2.989584
309.3,22.991497,2.949886
309.5,22.987654,2.508155
309.8,22.99534,3.591509
310.0,23.010714,4.095987999999999
310.3,23.345322,4.591876999999999
310.5,23.346603,3.827726
310.8,23.34404,3.567429
311.0,23.336353,3.978488
311.3,23.436279,4.018186
311.5,23.660473,3.855555
311.8,24.161541,3.865799
312.0,24.660595,4.068128
312.3,25.184031,4.369059
312.5,25.688805,4.434368
312.8,25.457352,4.482092
313.0,25.862179,4.505143
313.3,24.879576,4.074873999999999
313.5,24.625492,4.074873999999999
313.8,25.298069,4.11201
314.0,25.342907,4.432151
314.3,24.743353,4.273361
314.5,24.394894,4.350194999999999
314.8,24.146339,4.478251
315.0,24.095097,4.47697
315.3,24.072037,4.512826
315.5,24.216801,4.824002
315.8,24.202709,4.147866
316.0,24.305197,4.360439
316.3,24.511454,4.402698
316.5,24.699776,4.474409
316.8,24.976492,4.455201000000001
317.0,25.184031,4.359159
317.3,25.39159,4.208053
317.5,25.663183,3.840532
317.8,26.056906,3.79921
318.0,25.97257,3.648104
318.3,25.913639,3.713413
318.5,26.069933,3.832505
318.8,26.000753,3.933669
319.0,25.96104,4.052761
319.3,25.766314,4.244845
319.5,25.861115,4.351131
319.8,25.731724,4.453576
320.0,25.471661,4.520509
320.3,25.561121,4.488494999999999
320.5,26.000538,4.434712
320.8,25.960823,4.61271
321.0,25.937763,4.633198999999999
321.3,25.844244,4.485933999999999
321.5,25.823746,4.784305000000001
321.8,25.996695,4.564048000000001
322.0,26.104307,4.676737999999999
322.3,25.789373,4.633198999999999
322.5,25.644609,4.574293
322.8,25.451162,4.515387
323.0,25.061491,4.496179
323.3,24.893667,4.512826
323.5,24.71645,4.296412
323.8,24.64727,4.441114
324.0,24.41411,4.282325
324.3,24.730522,4.508984
324.5,24.2642,4.538437
324.8,23.873466,4.508984
325.0,24.335196,4.56917
325.3,24.438965,4.47697
325.5,24.542734,4.884188
325.8,25.108446,4.66009
326.0,24.493538,4.546121
326.3,23.873466,4.529473
326.5,23.807383,4.537157
326.8,23.548601,4.573012
327.0,24.135345,4.599904
327.3,24.422312,4.601184
327.5,23.754858,4.606307
327.8,24.273703,4.602465
328.0,24.545298,4.605026000000001
328.3,23.873466,4.597343
328.5,23.350031,4.587098999999999
328.8,22.853537,4.587098999999999
329.0,22.931526,4.581976
329.3,23.537487,4.56789
329.5,23.528677,4.580696
329.8,23.193029,4.601184
330.0,23.230181,4.630637999999999
330.3,23.842546,4.649846
330.5,23.596575,4.530754
330.8,23.253241,4.497458999999999
331.0,23.217369,4.503862000000001
331.3,23.172531,4.503862000000001
331.5,23.351885,4.494898
331.8,23.150753,4.478251
332.0,23.08926,4.466726
332.3,22.888126,4.480812
332.5,22.972523,4.480812
332.8,22.748329,4.488494999999999
333.0,23.337635,4.491055999999999
333.3,23.081415,4.485933999999999
333.5,23.189028,4.468006
333.8,23.597698,4.469287
334.0,23.901478,4.465445
334.3,23.870731,4.464165
334.5,23.687532,4.451359
334.8,23.250679,4.457762000000001
335.0,23.194309,4.470567
335.3,23.166126,4.47697
335.5,23.12513,4.500021
335.8,22.90222,4.535876
336.0,22.771389,4.547401
336.3,23.15572,4.542279
336.5,22.6894,4.528193
336.8,22.571537,4.606307
337.0,22.691961,4.663932
337.3,22.349907,4.663932
337.5,22.153658,4.671616
337.8,22.839046,4.651126000000001
338.0,22.914631,4.643443
338.3,23.011995,4.624235
338.5,23.420906,4.603746
338.8,23.392723,4.542279
339.0,23.300484,4.485933999999999
339.3,23.422188,4.503862000000001
339.5,23.068604,4.489776
339.8,23.449091,4.570451
340.0,23.550297,4.566609
340.3,24.110296,4.56917
340.5,24.396688,4.500021
340.8,23.834286,4.532033999999999
341.0,24.219898,4.516668
341.3,23.644684,4.469287
341.5,23.918839,4.432151
341.8,23.69977,4.423187
342.0,23.639559,4.325864
342.3,23.676712,4.38349
342.5,23.689522,4.406539
342.8,23.583191,4.435992
343.0,23.350031,4.596062
343.3,22.850975,4.551243
343.5,22.65609,4.533315
343.8,23.135221,4.538437
344.0,23.305607,4.565329
344.3,23.151876,4.585818
344.5,23.136503,4.516668
344.8,22.95715,4.626796
345.0,23.040421,4.580696
345.3,23.14547,4.639601
345.5,23.07629,4.663932
345.8,22.640717,4.657529
346.0,22.349907,4.633198999999999
346.3,22.240774,4.611429
346.5,22.306108,4.59094
346.8,21.850039,4.549962
347.0,21.501978,4.576854
347.3,21.610153,4.549962
347.5,21.547379,4.596062
347.8,21.717766,4.558926
348.0,21.835627,4.322022
348.3,21.822815,4.185003
348.5,21.925303,4.232383
348.8,21.779257,4.11073
349.0,21.346247,4.126097
349.3,21.965017,4.264397
349.5,20.846617,4.24775
349.8,20.345123,4.346353
350.0,20.010462,4.373245
350.3,19.84392,4.345073
350.5,19.342926,4.421906
350.8,18.841484,4.506423000000001
351.0,18.339891,4.40782
351.3,18.313929,4.33867
351.5,18.677761,4.3169
351.8,18.554775,4.402698
352.0,18.720037,4.354036
352.3,18.859678,4.074873999999999
352.5,18.875051,4.20293
352.8,19.036469,4.304094999999999
353.0,19.336588,4.439833999999999
353.3,19.367334,4.464165
353.5,19.400642,4.265678
353.8,19.531315,4.236225
354.0,19.729286,4.420626
354.3,19.147667,4.40782
354.5,19.369297,4.470567
354.8,19.643454,4.45392
355.0,19.252718,4.528193
355.3,18.956783,4.363
355.5,19.638927,4.046702
355.8,19.940668,4.090241000000001
356.0,18.841484,4.096644
356.3,18.347578,4.158111
356.5,18.219128,4.369403
356.8,18.702103,4.127378
357.0,19.149206,4.11073
357.3,19.614586,4.350194999999999
357.5,19.95476,4.615271
357.8,19.817682,4.629357
358.0,19.708788,4.663932
358.3,19.73313,4.689543
358.5,19.821526,4.556365
358.8,19.952198,4.516668
359.0,19.886862,4.485933999999999
359.3,19.853554,4.446237
359.5,19.948355,4.538437
359.8,20.068777,4.547401
360.0,20.306313,4.507704
360.3,20.144894,4.530754
360.5,19.775938,4.54356
360.8,19.47616,4.560207
361.0,19.309086,4.566609
361.3,19.730568,4.564048000000001
361.5,19.961164,4.566609
361.8,19.352644,4.571732
362.0,19.674198,4.556365
362.3,20.137957,4.579415
362.5,20.604809,4.566609
362.8,20.617702,4.549962
363.0,20.767591,4.585818
363.3,20.890577,4.605026000000001
363.5,21.008438,4.610148000000001
363.8,20.860125,4.503862000000001
364.0,21.322601,4.546121
364.3,20.812725,4.537157
364.5,20.687176,4.512826
364.8,20.630808,4.469287
365.0,20.930586,4.535876
365.3,21.0177,4.564048000000001
365.5,21.104815,4.575573
365.8,21.199617,4.538437
366.0,21.258547,4.61271
366.3,21.463524,4.661371
366.5,21.068945,4.681859999999999
366.8,20.345123,4.580696
367.0,20.7535,4.644723
367.3,21.012281,4.735643
367.5,21.633909,4.694665000000001
367.8,22.157183,4.716435
368.0,22.558886,4.726679
368.3,22.833921,4.743327
368.5,22.637915,4.722837999999999
368.8,23.033773,4.685701
369.0,22.88925,4.669054
369.3,22.875158,4.631918
369.5,22.662497,4.615271
369.8,22.64328,4.473129
370.0,22.712458,4.466726
370.3,22.636873,4.460323000000001
370.5,22.435741,4.36172
370.8,22.079355,4.234944
371.0,22.185686,4.298973
371.3,21.951244,4.310497
371.5,21.674927,4.485933999999999
371.8,21.778696,4.633198999999999
372.0,21.782539,4.491055999999999
372.3,22.086161,4.697227
372.5,22.35519,4.642162
372.8,22.206583,4.59094
373.0,22.318039,4.571732
373.3,22.339817,4.699788
373.5,22.195053,4.681859999999999
373.8,22.141247,4.656249
374.0,22.136124,4.678018
374.3,22.44743,4.754852
374.5,21.776134,4.564048000000001
374.8,22.35519,4.468006
375.0,21.999044,4.510265
375.3,21.600624,4.450078
375.5,21.589094,4.444955999999999
375.8,21.449453,4.441114
376.0,21.28219,4.432151
376.3,21.295002,4.515387
376.5,21.255287,4.535876
376.8,21.200201,4.583257
377.0,21.234791,4.585818
377.3,21.233509,4.288728
377.5,21.260412,4.503862000000001
377.8,21.202763,4.601184
378.0,21.219418,4.644723
378.3,21.238634,4.639601
378.5,21.023409,4.667774
378.8,21.197638,4.690824
379.0,21.502541,4.678018
379.3,21.717766,4.743327
379.5,21.990639,4.690824
379.8,22.023949,4.584537999999999
380.0,22.360315,4.42959
380.3,21.832502,4.389892
380.5,21.651867,4.324584
380.8,21.353371,4.479531
381.0,21.042625,4.163233
381.3,20.940138,4.128658000000001
381.5,20.633371,4.277203
381.8,20.593657,4.266958
382.0,20.56291,4.085119000000001
382.3,20.537289,4.777902
382.5,20.560349,4.551243
382.8,20.534725,4.708752
383.0,20.495012,4.628076999999999
383.3,20.250027,4.711313
383.5,20.330736,4.667774
383.8,20.223124,4.702349
384.0,20.121918,4.653687000000001
384.3,20.161631,4.597343
384.5,20.073236,4.470567
384.8,20.001493,4.654968
385.0,19.668325,4.715155
385.3,19.65167,4.776621
385.5,19.647827,4.772779
385.8,19.582491,4.786866000000001
386.0,19.550465,4.79711
386.3,19.546621,4.800952
386.5,19.505625,4.82016
386.8,19.189943,4.831686
387.0,19.129732,4.831686
387.3,19.137419,4.831686
387.5,19.164322,4.831686
387.8,19.8843,4.830405000000001
388.0,19.893267,4.835527
388.3,20.057247,4.827844
388.5,20.598404,4.82016
388.8,21.117332,4.815037999999999
389.0,21.640314,4.811196
389.3,22.128998,4.804794
389.5,22.638313,4.793269
389.8,22.768587,4.791988
390.0,22.336855,4.812476999999999
390.3,22.130598,4.803513
390.5,22.046045,4.826563
390.8,22.017862,4.812476999999999
391.0,22.042202,4.740766000000001
391.3,22.056295,4.736924
391.5,22.081917,4.610148000000001
391.8,22.070387,4.514106
392.0,22.035797,4.510265
392.3,22.016581,4.325864
392.5,21.984552,4.546121
392.8,21.645462,4.616551
393.0,21.635214,4.648565000000001
393.3,21.618559,4.675457
393.5,21.640337,4.678018
393.8,21.635214,4.672896
394.0,21.63265,4.65881
394.3,21.598061,4.65881
394.5,21.571157,4.672896
394.8,21.557066,4.679298999999999
395.0,21.534006,4.681859999999999
395.3,21.536568,4.665213
395.5,21.525038,4.695946
395.8,21.525038,4.365561
396.0,21.485325,4.196527
396.3,21.101557,4.666493
396.5,21.104118,4.702349
396.8,21.08362,4.634479
397.0,21.091307,4.680579
397.3,21.08362,4.557645
397.5,21.066967,4.507704
397.8,21.036221,4.512826
398.0,20.964478,4.492337
398.3,20.626965,4.52307
398.5,20.647463,4.532033999999999
398.8,20.678209,4.532033999999999
399.0,20.701269,4.539718
399.3,20.740982,4.534594999999999
399.5,20.797352,4.540998
399.8,20.776854,4.546121
400.0,20.760199,4.555084
400.3,20.734577,4.570451
400.5,20.771729,4.570451
400.8,20.793509,4.684421
401.0,20.881905,4.61399
401.3,20.954927,4.626796
401.5,20.924181,4.642162
401.8,20.816568,4.65881
402.0,20.894714,4.670335
402.3,20.904964,4.671616
402.5,20.934429,4.665213
402.8,20.894714,4.722837999999999
403.0,20.888309,4.834247
403.3,20.879341,4.980230000000001
403.5,20.790945,4.732025
403.8,20.687176,4.633422
404.0,20.647463,4.547624
404.3,20.711517,4.559149
404.5,20.840908,4.514329
404.8,20.899839,4.49256
405.0,20.869093,4.454143
405.3,20.866531,4.488719000000001
405.5,20.775572,4.422129
405.8,20.680771,4.38349
406.0,20.650024,4.365561
406.3,20.639776,4.996878
406.5,20.644901,5.100826000000001
406.8,20.652588,5.096984
407.0,20.646181,4.684644
407.3,20.62056,4.527134999999999
407.5,20.612873,4.559149
407.8,20.601343,4.646227
408.0,20.583408,4.817822
408.3,20.566753,4.33249
408.5,20.552662,3.807237
408.8,20.488605,3.595601
409.0,20.152664,4.202587
409.3,20.142414,4.353693
409.5,20.144978,4.412598
409.8,20.123199,4.506079
410.0,20.142414,4.698507
410.3,20.147539,4.898274
410.5,20.123199,4.593501
410.8,20.102701,4.395014
411.0,20.093733,4.382209
411.3,20.092453,4.47569
411.5,20.125761,4.592221
411.8,20.205189,4.192686
412.0,20.223124,3.804676
412.3,20.224405,3.307475
412.5,20.244904,3.640108
412.8,20.228249,4.095987999999999
413.0,20.232092,4.591876999999999
413.3,20.232092,4.853455
413.5,20.251308,4.876505
413.8,20.27693,4.469287
414.0,20.421694,4.022371
414.3,20.526745,4.516668
414.5,20.515215,3.948099
414.8,20.55493,3.876388
415.0,20.601049,3.311317
415.3,20.654856,3.857803
415.5,20.592081,4.095987999999999
415.8,20.548523,4.548337999999999
416.0,20.539557,4.733082
416.3,20.490873,4.775341
416.5,20.481907,4.839369
416.8,20.431944,4.850894
417.0,20.388386,4.798391000000001
417.3,20.419132,4.793269
417.5,20.529306,4.784305000000001
417.8,20.586956,4.776621
418.0,20.56646,4.77406
418.3,20.545961,4.771498999999999
418.5,20.529306,4.767657
418.8,20.557491,4.763816
419.0,20.603611,4.757413
419.3,20.626671,4.752291
419.5,20.643326,4.74973
419.8,20.630514,4.747169
420.0,20.563896,4.743327
420.3,20.670229,4.744607
420.5,21.154484,4.736924
420.8,21.642878,4.743327
421.0,22.157183,4.752291
421.3,22.658812,4.740766000000001
421.5,23.160603,4.742046
421.8,23.650223,4.743327
422.0,24.070581,4.743327
422.3,24.487648,4.754852
422.5,24.169935,4.752291
422.8,23.891935,4.747169
423.0,23.611376,4.745888
423.3,23.473017,4.743327
423.5,23.126411,4.744607
423.8,23.09054,4.754852
424.0,23.063639,4.753571
424.3,23.030329,4.754852
424.5,22.993177,4.761255
424.8,22.63175,4.763816
425.0,22.590754,4.757413
425.3,22.549759,4.734363
425.5,22.515169,4.74973
425.8,22.538229,4.743327
426.0,22.553602,4.735643
426.3,22.349907,4.742046
426.5,21.850039,4.743327
426.8,22.658812,4.75101
427.0,22.31892,4.761255
427.3,21.850039,4.776621
427.5,21.348248,4.781744000000001
427.8,20.846617,4.793269
428.0,20.345123,4.800952
428.3,19.84392,4.800952
428.5,19.342926,4.798391000000001
428.8,18.841484,4.788146
429.0,18.339891,4.786866000000001
429.3,18.834055,4.788146
429.5,18.749502,4.780463
429.8,18.037212,4.779182
430.0,17.970594,4.790708
430.3,18.648289,4.809916
430.5,19.149206,4.827844
430.8,19.650457,4.844491000000001
431.0,20.15205,4.857296
431.3,20.643242,4.884188
431.5,21.048153,4.775341
431.8,21.371284,4.822721
432.0,21.373846,4.84321
432.3,21.398188,5.044258
432.5,21.434057,5.062409
432.8,,5.071373
433.0,,5.049603
433.3,,5.095704
433.5,,4.988137
433.8,,4.708975
434.0,,4.630861
434.3,,4.579638
434.5,,4.552746
434.8,,4.751233
435.0,,4.749953
435.3,,4.74355
435.5,,4.716658
435.8,,4.744831
436.0,,4.872886
436.3,,4.849836
436.5,,4.615494
436.8,,4.312001
437.0,,4.094083
437.3,,3.953221
437.5,,4.123536
437.8,,4.812476999999999
438.0,,4.583257
438.3,,4.557645
438.5,,4.754852
438.8,,4.742046
439.0,,4.59094
439.3,,4.510265
439.5,,4.485933999999999
439.8,,4.471848
440.0,,4.464165
440.3,,4.483373
440.5,,4.474409
440.8,,4.428309
441.0,,4.489776
441.3,,4.534594999999999
441.5,,4.534594999999999
441.8,,4.506423000000001
442.0,,4.427029
442.3,,4.465445
442.5,,4.461604
442.8,,4.485933999999999
443.0,,4.492337
443.3,,4.501301
443.5,,4.517948000000001
443.8,,4.52307
444.0,,4.514106
444.3,,4.465445
444.5,,4.47697
444.8,,4.489776
445.0,,4.505143
445.3,,4.491055999999999
445.5,,4.520509
445.8,,4.58966
446.0,,4.579415
446.3,,4.598623
446.5,,4.605026000000001
446.8,,4.598623
447.0,,4.597343
447.3,,4.581976
447.5,,4.583257
447.8,,4.575573
448.0,,4.571732
448.3,,4.557645
448.5,,4.548682
448.8,,4.558926
449.0,,4.579415
449.3,,4.561487000000001
449.5,,4.525631
449.8,,4.530754
450.0,,4.526912
450.3,,4.535876
450.5,,4.529473
450.8,,4.520509
451.0,,4.519229
451.3,,4.516668
451.5,,4.514106
451.8,,4.520509
452.0,,4.533315
452.3,,4.524351
452.5,,4.532033999999999
452.8,,4.533315
453.0,,4.514106
453.3,,4.482092
453.5,,4.45264
453.8,,4.462884
454.0,,4.419345
454.3,,4.421906
454.5,,4.416784
454.8,,4.419345
455.0,,4.43087
455.3,,4.503862000000001
455.5,,4.491055999999999
455.8,,4.532033999999999
456.0,,4.555084
456.3,,4.61271
456.5,,4.629357
456.8,,4.61399
457.0,,4.608868
457.3,,4.583257
457.5,,4.478251
457.8,,4.489776
458.0,,4.49874
458.3,,4.471848
458.5,,4.459043
458.8,,4.461604
459.0,,4.491055999999999
459.3,,4.507704
459.5,,4.52179
459.8,,4.49874
460.0,,4.474409
460.3,,4.464165
460.5,,4.450078
460.8,,4.443676
461.0,,4.439833999999999
461.3,,4.427029
461.5,,4.432151
461.8,,4.410381
462.0,,4.414223000000001
462.3,,4.389892
462.5,,4.38477
462.8,,4.369403
463.0,,4.337389
463.3,,4.33867
463.5,,4.336109
463.8,,4.329706
464.0,,4.332267
464.3,,4.368123000000001
464.5,,4.368123000000001
464.8,,4.314339
465.0,,4.360439
465.3,,4.259275
465.5,,4.332267
465.8,,4.249031
466.0,,4.237505000000001
466.3,,4.311777999999999
466.5,,4.318181
466.8,,4.319461
467.0,,4.313058
467.3,,4.314339
467.5,,4.3169
467.8,,4.325864
468.0,,4.325864
468.3,,4.323303
468.5,,4.319461
468.8,,4.309216999999999
469.0,,4.311777999999999
469.3,,4.304094999999999
469.5,,4.304094999999999
469.8,,4.295131
470.0,,4.273361
470.3,,4.266958
470.5,,4.264397
470.8,,4.307936
471.0,,4.298973
471.3,,4.29385
471.5,,4.169636
471.8,,3.948099
472.0,,3.932732
472.3,,4.011783
472.5,,3.984891
472.8,,3.954158
473.0,,3.997697
473.3,,4.068128
473.5,,4.112947
473.8,,4.1424
474.0,,4.141119000000001
474.3,,4.118069999999999
474.5,,4.229478
474.8,,4.329362000000001
475.0,,4.339606
475.3,,4.337045
475.5,,4.475346
475.8,,4.519229
476.0,,4.519229
476.3,,4.502582
476.5,,4.501301
476.8,,4.49874
477.0,,4.488494999999999
477.3,,4.485933999999999
477.5,,4.487215
477.8,,4.484653
478.0,,4.229822
478.3,,4.24775
478.5,,4.304094999999999
478.8,,4.351475
479.0,,4.348914
479.3,,4.336109
479.5,,4.336109
479.8,,4.337389
480.0,,4.337389
480.3,,4.345073
480.5,,4.302814
480.8,,4.332267
481.0,,4.386051
481.3,,4.416784
481.5,,4.442394999999999
481.8,,4.437273
482.0,,4.466726
482.3,,4.464165
482.5,,4.466726
482.8,,4.482092
483.0,,4.479531
483.3,,4.474409
483.5,,4.47697
483.8,,4.465445
484.0,,4.466726
484.3,,4.487215
484.5,,4.391173
484.8,,4.327145
485.0,,4.411662000000001
485.3,,4.350194999999999
485.5,,4.324584
485.8,,4.339951
486.0,,4.348914
486.3,,4.530754
486.5,,4.492337
486.8,,4.474409
487.0,,4.482092
487.3,,4.444955999999999
487.5,,4.441114
487.8,,4.421906
488.0,,4.425748
488.3,,4.451359
488.5,,4.450078
488.8,,4.45264
489.0,,4.439833999999999
489.3,,4.432151
489.5,,4.446237
489.8,,4.425748
490.0,,4.419345
490.3,,4.414223000000001
490.5,,4.398855999999999
490.8,,4.398855999999999
491.0,,4.398855999999999
491.3,,4.397575
491.5,,4.387331
491.8,,4.397575
492.0,,4.398855999999999
492.3,,4.409101000000001
492.5,,4.435992
492.8,,4.414223000000001
493.0,,4.392453
493.3,,4.324584
493.5,,4.373245
493.8,,4.373245
494.0,,4.365561
494.3,,4.366842
494.5,,4.38477
494.8,,4.396294999999999
495.0,,4.380928
495.3,,4.370684
495.5,,4.369403
495.8,,4.364281
496.0,,4.36172
496.3,,4.355316999999999
496.5,,4.418065
496.8,,4.437273
497.0,,4.364281
497.3,,4.269519
497.5,,4.364281
497.8,,4.38477
498.0,,4.391173
498.3,,4.379648
498.5,,4.38349
498.8,,4.379648
499.0,,4.377087
499.3,,4.364281
499.5,,4.359159
499.8,,4.355316999999999
500.0,,4.354036
500.3,,4.341231
500.5,,4.352755999999999
500.8,,4.350194999999999
501.0,,4.346353
501.3,,4.348914
501.5,,4.354036
501.8,,4.278483
502.0,,4.3169
502.3,,4.416784
502.5,,4.357877999999999
502.8,,4.33867
503.0,,4.328425
503.3,,4.328425
503.5,,4.342512
503.8,,4.347633999999999
504.0,,4.33867
504.3,,4.346353
504.5,,4.350194999999999
504.8,,4.339951
505.0,,4.375806
505.3,,4.380928
505.5,,4.462884
505.8,,4.515387
506.0,,4.514106
506.3,,4.496179
506.5,,4.479531
506.8,,4.483373
507.0,,4.47697
507.3,,4.47697
507.5,,4.466726
507.8,,4.420626
508.0,,4.437273
508.3,,4.442394999999999
508.5,,4.424467
508.8,,4.398855999999999
509.0,,4.423187
509.3,,4.425748
509.5,,4.42959
509.8,,4.450078
510.0,,4.437273
510.3,,4.446237
510.5,,4.461604
510.8,,4.466726
511.0,,4.478251
511.3,,4.49874
511.5,,4.517948000000001
511.8,,4.529473
512.0,,4.540998
512.3,,4.539718
512.5,,4.538437
512.8,,4.538437
513.0,,4.537157
513.3,,4.510265
513.5,,4.493618
513.8,,4.47569
514.0,,4.42959
514.3,,4.423187
514.5,,4.423187
514.8,,4.415504
515.0,,4.40782
515.3,,4.418065
515.5,,4.419345
515.8,,4.397575
516.0,,4.400136
516.3,,4.391173
516.5,,4.38349
516.8,,4.379648
517.0,,4.374526
517.3,,4.371964
517.5,,4.355316999999999
517.8,,4.370684
518.0,,4.375806
518.3,,4.395014
518.5,,4.403978
518.8,,4.414223000000001
519.0,,4.412942
519.3,,4.415504
519.5,,4.410381
519.8,,4.403978
520.0,,4.40782
520.3,,4.403978
520.5,,4.397575
520.8,,4.400136
521.0,,4.406539
521.3,,4.397575
521.5,,4.395014
521.8,,4.388612
522.0,,4.382209
522.3,,4.371964
522.5,,4.366842
522.8,,4.357877999999999
523.0,,4.356597
523.3,,4.354036
523.5,,4.345073
523.8,,4.341231
524.0,,4.343792
524.3,,4.345073
524.5,,4.363
524.8,,4.379648
525.0,,4.393733999999999
525.3,,4.391173
525.5,,4.414223000000001
525.8,,4.418065
526.0,,4.415504
526.3,,4.419345
526.5,,4.411662000000001
526.8,,4.400136
527.0,,4.398855999999999
527.3,,4.393733999999999
527.5,,4.377087
527.8,,4.365561
528.0,,4.36172
528.3,,4.346353
528.5,,4.315619
528.8,,4.368123000000001
529.0,,4.414223000000001
529.3,,4.377087
529.5,,4.371964
529.8,,4.389892
530.0,,4.378367
530.3,,4.378367
530.5,,4.401416999999999
530.8,,4.397575
531.0,,4.435992
531.3,,4.444955999999999
531.5,,4.443676
531.8,,4.446237
532.0,,4.442394999999999
532.3,,4.447516999999999
532.5,,4.451359
532.8,,4.442394999999999
533.0,,4.441114
533.3,,4.432151
533.5,,4.439833999999999
533.8,,4.43087
534.0,,4.405259
534.3,,4.45264
534.5,,4.489776
534.8,,4.471848
535.0,,4.474409
535.3,,4.474409
535.5,,4.47569
535.8,,4.460323000000001
536.0,,4.435992
536.3,,4.443676
536.5,,4.45264
536.8,,4.446237
537.0,,4.442394999999999
537.3,,4.438553
537.5,,4.427029
537.8,,4.42959
538.0,,4.43087
538.3,,4.411662000000001
538.5,,4.391173
538.8,,4.395014
539.0,,4.421906
539.3,,4.42959
539.5,,4.388612
539.8,,4.465445
540.0,,4.49874
540.3,,4.52179
540.5,,4.547401
540.8,,4.579415
541.0,,4.594782
541.3,,4.599904
541.5,,4.605026000000001
541.8,,4.622954
542.0,,4.639601
542.3,,4.65881
542.5,,4.662652
542.8,,4.663932
543.0,,4.671616
543.3,,4.680579
543.5,,4.666493
543.8,,4.66009
544.0,,4.689543
544.3,,4.681859999999999
544.5,,4.689543
544.8,,4.685701
545.0,,4.686982
545.3,,4.676737999999999
545.5,,4.703629
545.8,,4.721557
546.0,,4.722837999999999
546.3,,4.721557
546.5,,4.725398999999999
546.8,,4.718996
547.0,,4.713874
547.3,,4.712593
547.5,,4.706191
547.8,,4.701068
548.0,,4.702349
548.3,,4.701068
548.5,,4.707471
548.8,,4.716435
549.0,,4.710032
549.3,,4.718996
549.5,,4.721557
549.8,,4.715155
550.0,,4.742046
550.3,,4.740766000000001
550.5,,4.693385
550.8,,4.667774
551.0,,4.675457
551.3,,4.772779
551.5,,4.753571
551.8,,4.759974
552.0,,4.731802
552.3,,4.678018
552.5,,4.672896
552.8,,4.672896
553.0,,4.665213
553.3,,4.653687000000001
553.5,,4.643443
553.8,,4.648565000000001
554.0,,4.66009
554.3,,4.625515
554.5,,4.651126000000001
554.8,,4.58966
555.0,,4.551243
555.3,,4.548682
555.5,,4.538437
555.8,,4.52307
556.0,,4.535876
556.3,,4.52179
556.5,,4.528193
556.8,,4.52179
557.0,,4.533315
557.3,,4.529473
557.5,,4.515387
557.8,,4.524351
558.0,,4.852174
558.3,,4.857296
558.5,,4.841930000000001
558.8,,4.866261
559.0,,4.871383
559.3,,4.857296
559.5,,4.850894
559.8,,4.862419
560.0,,4.896994
560.3,,4.685701
560.5,,4.608868
560.8,,4.669054
561.0,,4.639601
561.3,,4.592221
561.5,,4.512826
561.8,,4.519229
562.0,,4.52307
562.3,,4.640882
562.5,,4.708752
562.8,,4.713874
563.0,,4.713874
563.3,,4.707471
563.5,,4.706191
563.8,,4.708752
564.0,,4.621674
564.3,,4.575573
564.5,,4.555084
564.8,,4.525631
565.0,,4.52307
565.3,,4.506423000000001
565.5,,4.517948000000001
565.8,,4.519229
566.0,,4.593501
566.3,,4.575573
566.5,,4.488494999999999
566.8,,4.403978
567.0,,4.517948000000001
567.3,,4.583257
567.5,,4.470567
567.8,,4.439833999999999
568.0,,4.461604
568.3,,4.443676
568.5,,4.428309
568.8,,4.336109
569.0,,4.40782
569.3,,4.474409
569.5,,4.288728
569.8,,4.287447
570.0,,4.255433999999999
570.3,,4.274642
570.5,,4.256714
570.8,,4.36172
571.0,,4.446237
571.3,,4.371964
571.5,,4.341231
571.8,,4.356597
572.0,,4.651126000000001
572.3,,4.514106
572.5,,4.505143
572.8,,4.598623
573.0,,4.626796
573.3,,4.451359
573.5,,4.411662000000001
573.8,,4.419345
574.0,,4.47569
574.3,,4.418065
574.5,,4.2708
574.8,,4.487215
575.0,,4.52307
575.3,,4.553804
575.5,,4.406539
575.8,,4.219578
576.0,,4.553804
576.3,,4.825283
576.5,,4.844491000000001
576.8,,4.799671
577.0,,4.849613
577.3,,4.652407
577.5,,4.474409
577.8,,4.447516999999999
578.0,,4.748449
578.3,,4.715155
578.5,,4.711313
578.8,,4.770218
579.0,,4.821441
579.3,,4.815037999999999
579.5,,4.789427
579.8,,4.740766000000001
580.0,,4.733082
580.3,,4.803513
580.5,,4.868822
580.8,,4.736924
581.0,,4.598623
581.3,,4.597343
581.5,,4.857296
581.8,,4.884188
582.0,,4.935411
582.3,,4.399079
582.5,,4.354036
582.8,,4.451359
583.0,,4.470567
583.3,,4.538437
583.5,,4.512826
583.8,,4.832966000000001
584.0,,4.605026000000001
584.3,,4.61399
584.5,,4.630637999999999
584.8,,4.734363
585.0,,4.781744000000001
585.3,,4.642162
585.5,,4.66009
585.8,,4.633198999999999
586.0,,4.710032
586.3,,4.765096
586.5,,4.708752
586.8,,4.670335
587.0,,4.624235
587.3,,4.59094
587.5,,4.56917
587.8,,4.583257
588.0,,4.580696
588.3,,4.575573
588.5,,4.584537999999999
588.8,,4.552523000000001
589.0,,4.519229
589.3,,4.473129
589.5,,4.459043
589.8,,4.584537999999999
590.0,,4.718996
590.3,,4.633198999999999
590.5,,4.588379
590.8,,4.356597
591.0,,4.42959
591.3,,4.45264
591.5,,4.443676
591.8,,4.461604
592.0,,4.516668
592.3,,4.54484
592.5,,4.552523000000001
592.8,,4.538437
593.0,,4.446237
593.3,,4.462884
593.5,,4.45264
593.8,,4.351475
594.0,,4.160672
594.3,,4.831686
594.5,,4.088961
594.8,,4.581976
595.0,,4.885469000000001
595.3,,4.881627
595.5,,4.871383
595.8,,4.866261
596.0,,4.871383
596.3,,4.890591000000001
596.5,,4.859858
596.8,,4.81888
597.0,,4.847052
597.3,,4.838088
597.5,,4.81888
597.8,,4.446237
598.0,,3.982674
598.3,,4.167075
598.5,,4.232383
598.8,,4.228542
599.0,,3.841812
599.3,,4.363937
599.5,,4.579071
599.8,,4.310497
600.0,,4.49874
600.3,,3.966027
600.5,,4.332267
600.8,,4.38477
601.0,,4.354036
601.3,,4.322022
601.5,,4.229822
601.8,,4.217017
602.0,,4.281044000000001
602.3,,4.651126000000001
602.5,,4.74973
602.8,,4.628076999999999
603.0,,4.515387
603.3,,4.462884
603.5,,4.398855999999999
603.8,,4.38477
604.0,,4.396294999999999
604.3,,4.393733999999999
604.5,,4.375806
604.8,,4.355316999999999
605.0,,4.342512
605.3,,4.149147
605.5,,3.849496
605.8,,4.586754
606.0,,4.783024
606.3,,4.754852
606.5,,4.631918
606.8,,4.538437
607.0,,4.529473
607.3,,4.507704
607.5,,4.49874
607.8,,4.49874
608.0,,4.493618
608.3,,4.489776
608.5,,4.47697
608.8,,4.473129
609.0,,4.502582
609.3,,4.537157
609.5,,4.510265
609.8,,4.532033999999999
610.0,,4.547401
610.3,,4.511545
610.5,,4.560207
610.8,,4.351475
611.0,,4.508984
611.3,,4.505143
611.5,,4.496179
611.8,,4.493618
612.0,,4.49874
612.3,,4.497458999999999
612.5,,4.489776
612.8,,4.485933999999999
613.0,,4.484653
613.3,,4.487215
613.5,,4.473129
613.8,,4.469287
614.0,,4.462884
614.3,,4.447516999999999
614.5,,4.443676
614.8,,4.437273
615.0,,4.433431
615.3,,4.428309
615.5,,4.423187
615.8,,4.410381
616.0,,4.420626
616.3,,4.419345
616.5,,4.418065
616.8,,4.428309
617.0,,4.451359
617.3,,4.447516999999999
617.5,,4.45392
617.8,,4.491055999999999
618.0,,4.464165
618.3,,4.605026000000001
618.5,,4.669054
618.8,,4.679298999999999
619.0,,4.446237
619.3,,4.468006
619.5,,4.427029
619.8,,4.330986
620.0,,4.264397
620.3,,4.357877999999999
620.5,,4.496179
620.8,,4.539718
621.0,,4.538437
621.3,,4.701068
621.5,,4.904677
621.8,,4.779182
622.0,,4.859858
622.3,,4.926447
622.5,,4.984072
622.8,,4.956123000000001
623.0,,5.007345
623.3,,4.918987
623.5,,5.000942
623.8,,5.029115
624.0,,5.094423
624.3,,5.114912
624.5,,5.139243
624.8,,5.148207
625.0,,5.105948000000001
625.3,,5.118754
625.5,,5.137962
625.8,,5.127718
626.0,,5.207113
626.3,,5.136682
626.5,,5.159732
626.8,,5.137962
627.0,,5.161013
627.3,,5.149487000000001
627.5,,5.137962
627.8,,5.20071
628.0,,5.164854
628.3,,5.141804
628.5,,5.169976
628.8,,5.145646
629.0,,5.20199
629.3,,5.169976
629.5,,5.175098
629.8,,5.169976
630.0,,5.176379
630.3,,5.235285
630.5,,5.212235
630.8,,5.241688
631.0,,5.216076
631.3,,5.242968
631.5,,5.244249
631.8,,5.242968
632.0,,5.280105000000001
632.3,,5.227602
632.5,,5.278824
632.8,,5.259615
633.0,,5.264737999999999
633.3,,5.263457
633.5,,5.262176999999999
633.8,,5.258335
634.0,,5.234004
634.3,,5.266018
634.5,,5.228882
634.8,,5.219918
635.0,,5.266018
635.3,,5.255774
635.5,,5.263457
635.8,,5.207113
636.0,,5.260896
636.3,,5.209674
636.5,,5.264737999999999
636.8,,5.182782
637.0,,5.26986
637.3,,5.280105000000001
637.5,,5.228882
637.8,,5.31468
638.0,,5.277544
638.3,,5.255774
638.5,,5.198149
638.8,,5.274982
639.0,,5.349255
639.3,,5.362061
639.5,,5.29291
639.8,,5.382549
640.0,,5.336449
640.3,,5.331327
640.5,,5.181501
640.8,,5.139243
641.0,,5.221198999999999
641.3,,5.157171
641.5,,5.153329
641.8,,5.228882
642.0,,5.177659999999999
642.3,,5.22376
642.5,,5.214796
642.8,,5.193027
643.0,,5.240407
643.3,,5.228882
643.5,,5.210954
643.8,,5.239127
644.0,,5.236566000000001
644.3,,5.327485
644.5,,5.321083
644.8,,5.299313
645.0,,5.359499
645.3,,5.303154
645.5,,5.336449
645.8,,5.305716
646.0,,5.281385
646.3,,5.308276999999999
646.5,,5.319801999999999
646.8,,5.280105000000001
647.0,,5.268579
647.3,,5.219918
647.5,,5.230163
647.8,,5.244249
648.0,,5.162293
648.3,,5.184062
648.5,,5.162293
648.8,,5.185343
649.0,,5.241688
649.3,,5.181501
649.5,,5.191746
649.8,,5.166135
650.0,,5.187904000000001
650.3,,5.272421
650.5,,5.218637
650.8,,5.232724
651.0,,5.219918
651.3,,5.22504
651.5,,5.267299
651.8,,5.235285
652.0,,5.274982
652.3,,5.239127
652.5,,5.227602
652.8,,5.235285
653.0,,5.20071
653.3,,5.237846
653.5,,5.172537
653.8,,5.228882
654.0,,5.159732
654.3,,5.157171
654.5,,5.17894
654.8,,5.146926000000001
655.0,,5.145646
655.3,,5.13284
655.5,,5.134119999999999
655.8,,5.146926000000001
656.0,,5.185343
656.3,,5.227602
656.5,,5.230163
656.8,,5.241688
657.0,,5.277544
657.3,,5.259615
657.5,,5.327485
657.8,,5.245529
658.0,,5.264737999999999
658.3,,5.213515
658.5,,5.173818
658.8,,5.182782
659.0,,5.168696
659.3,,5.216076
659.5,,5.162293
659.8,,5.187904000000001
660.0,,5.189185
660.3,,5.134119999999999
660.5,,5.232724
660.8,,5.134119999999999
661.0,,5.175098
661.3,,5.123876
661.5,,5.100826000000001
661.8,,5.112351
662.0,,5.116193
662.3,,5.198149
662.5,,5.175098
662.8,,5.167415
663.0,,5.117474
663.3,,5.096984
663.5,,5.135401
663.8,,5.163574
664.0,,5.049603
664.3,,5.111071
664.5,,4.845994
664.8,,5.022712
665.0,,5.56567
665.3,,6.000558
665.5,,5.981649
665.8,,6.520765
666.0,,6.320563
666.3,,6.635581
666.5,,6.26806
666.8,,6.35898
667.0,,6.335929
667.3,,6.219398
667.5,,6.426849
667.8,,6.227082
668.0,,6.311599
668.3,,6.517769
668.5,,6.277024
668.8,,6.52033
669.0,,6.343613
669.3,,6.548502
669.5,,6.583077
669.8,,6.741867
670.0,,7.019749000000001
670.3,,7.025669000000001
670.5,,7.16525
670.8,,7.058963
671.0,,7.203667
671.3,,7.015424
671.5,,7.087136
671.8,,7.1883
672.0,,7.099941
672.3,,7.25617
672.5,,7.037194
672.8,,7.180616000000001
673.0,,7.093538000000001
673.3,,7.111466
673.5,,7.201105999999999
673.8,,7.079453
674.0,,7.166531
674.3,,7.088416
674.5,,7.152444
674.8,,7.117869000000001
675.0,,7.137077000000001
675.3,,7.149883
675.5,,7.135797
675.8,,7.192142
676.0,,7.105063
676.3,,7.156286
676.5,,7.134516000000001
676.8,,7.125553
677.0,,7.156286
677.3,,7.131955
677.5,,7.171653
677.8,,7.112747
678.0,,7.25617
678.3,,7.166531
678.5,,7.158847
678.8,,7.179336
679.0,,7.167811
679.3,,7.212631
679.5,,7.16525
679.8,,7.231839
680.0,,7.18958
680.3,,7.245925
680.5,,7.201105999999999
680.8,,7.172933
681.0,,7.243364
681.3,,7.217753
681.5,,7.238242
681.8,,7.16525
682.0,,7.204947
682.3,,7.238242
682.5,,7.197264
682.8,,7.258731
683.0,,7.212631
683.3,,7.198544999999999
683.5,,7.233119
683.8,,7.217753
684.0,,7.283061999999999
684.3,,7.242083999999999
684.5,,7.25617
684.8,,7.226717
685.0,,7.307392
685.3,,7.222875
685.5,,7.216472
685.8,,7.230558
686.0,,7.231839
686.3,,7.263853
686.5,,7.233119
686.8,,7.216472
687.0,,7.265133000000001
687.3,,7.227997
687.5,,7.292025
687.8,,7.286903
688.0,,7.284342
688.3,,7.268975
688.5,,7.295866999999999
688.8,,7.272817
689.0,,7.276659
689.3,,7.284342
689.5,,7.261292
689.8,,7.308672000000001
690.0,,7.230558
690.3,,7.318917
690.5,,7.263853
690.8,,7.292025
691.0,,7.283061999999999
691.3,,7.27922
691.5,,7.229278
691.8,,7.249766999999999
692.0,,7.366298
692.3,,7.270256
692.5,,7.315075
692.8,,7.201105999999999
693.0,,7.260011
693.3,,7.353492
693.5,,7.242083999999999
693.8,,7.312514
694.0,,7.265133000000001
694.3,,7.308672000000001
694.5,,7.295866999999999
694.8,,7.271536
695.0,,7.34965
695.3,,7.271536
695.5,,7.334283999999999
695.8,,7.2805
696.0,,7.289464
696.3,,7.327881
696.5,,7.321478
696.8,,7.367578999999999
697.0,,7.308672000000001
697.3,,7.357334
697.5,,7.312514
697.8,,7.366298
698.0,,7.329161999999999
698.3,,7.330442
698.5,,7.347089
698.8,,7.308672000000001
699.0,,7.370139999999999
699.3,,7.297148
699.5,,7.350931
699.8,,7.320198
700.0,,7.324039
700.3,,7.343248
700.5,,7.321478
700.8,,7.356053
701.0,,7.283061999999999
701.3,,7.395751
701.5,,7.339405999999999
701.8,,7.408556
702.0,,7.391909
702.3,,7.379103
702.5,,7.445692999999999
702.8,,7.392572
703.0,,7.543678
703.3,,7.436111
703.5,,7.464283
703.8,,7.398974000000001
704.0,,7.415622
704.3,,7.445075
704.5,,7.405377000000001
704.8,,7.447636
705.0,,7.359277000000001
705.3,,7.379766
705.5,,7.342630000000001
705.8,,7.430988
706.0,,7.387449
706.3,,7.4105
706.5,,7.361838000000001
706.8,,7.404097
707.0,,7.368241
707.3,,7.405377000000001
707.5,,7.350313000000001
707.8,,7.465564
708.0,,7.521908
708.3,,7.468125
708.5,,7.52703
708.8,,7.418183
709.0,,7.603864
709.3,,7.509103
709.5,,7.541117
709.8,,7.514225
710.0,,7.546239
710.3,,7.477089
710.5,,7.574411
710.8,,7.5027
711.0,,7.539836
711.3,,7.544959
711.5,,7.497578
711.8,,7.564166999999999
712.0,,7.516786
712.3,,7.635878
712.5,,7.530872
712.8,,7.512944
713.0,,7.537275
713.3,,7.469405
713.5,,7.50142
713.8,,7.47965
714.0,,7.468125
714.3,,7.507822
714.5,,7.495017
714.8,,7.475808
715.0,,7.52575
715.3,,7.468125
715.5,,7.450197
715.8,,7.452758
716.0,,7.429708
716.3,,7.463003
716.5,,7.448916000000001
716.8,,7.369522
717.0,,7.441233
717.3,,7.405377000000001
717.5,,7.398974000000001
717.8,,7.465564
718.0,,7.454039
718.3,,7.52575
718.5,,7.491175
718.8,,7.568008
719.0,,7.868939999999999
719.3,,6.802233999999999
719.5,,7.244644999999999
719.8,,6.421245
720.0,,6.184824
720.3,,5.877489
720.5,,5.305514
720.8,,5.976227
721.0,,5.826702
721.3,,6.177575
721.5,,5.848471
721.8,,5.932988
722.0,,5.979088
722.3,,6.397831
722.5,,6.419601
722.8,,6.391429
723.0,,6.342768
723.3,,6.327401
723.5,,6.386307
723.8,,6.290265
724.0,,6.041836
724.3,,6.087936
724.5,,6.130195
724.8,,6.253129
725.0,,6.222395
725.3,,6.186539
725.5,,6.084095
725.8,,6.200625
726.0,,6.204467
726.3,,6.183978
726.5,,6.180136
726.8,,6.131475
727.0,,6.212151
727.3,,6.192942
727.5,,6.168612
727.8,,6.146841999999999
728.0,,6.104583
728.3,,6.204467
728.5,,6.153244
728.8,,6.169892
729.0,,6.144280999999999
729.3,,6.226236
729.5,,6.204467
729.8,,6.149403
730.0,,6.171173
730.3,,6.104583
730.5,,6.087936
730.8,,6.224956
731.0,,6.132756
731.3,,6.043117
731.5,,6.032872
731.8,,6.196784
732.0,,6.145561
732.3,,6.061044
732.5,,6.000858
732.8,,5.973966000000001
733.0,,6.089217
733.3,,6.057202999999999
733.5,,6.109705
733.8,,5.988052
734.0,,6.020066
734.3,,6.077692
734.5,,6.072569000000001
734.8,,6.076411
735.0,,6.048239
735.3,,6.224956
735.5,,6.109705
735.8,,6.141719999999999
736.0,,6.158367
736.3,,6.035433
736.5,,6.190380999999999
736.8,,6.105864
737.0,,6.157086
737.3,,6.009822
737.5,,6.160928
737.8,,6.075130000000001
738.0,,6.162209
738.3,,6.089217
738.5,,6.154525
738.8,,6.123792
739.0,,6.089217
739.3,,6.098180999999999
739.5,,6.048239
739.8,,6.126353
740.0,,6.072569000000001
740.3,,6.125072
740.5,,5.997016
740.8,,6.160928
741.0,,6.057202999999999
741.3,,6.072569000000001
741.5,,6.055922
741.8,,6.011103
742.0,,6.102022
742.3,,6.035433
742.5,,6.052080999999999
742.8,,6.040555
743.0,,6.000858
743.3,,6.0969
743.5,,6.046958
743.8,,6.031591000000001
744.0,,6.058483
744.3,,6.02775
744.5,,6.136597
744.8,,6.000858
745.0,,5.921463
745.3,,5.761393
745.5,,5.956037999999999
745.8,,5.889449
746.0,,5.989333
746.3,,5.893291000000001
746.5,,5.870241
746.8,,5.979088
747.0,,5.908658
747.3,,5.893291000000001
747.5,,5.889449
747.8,,5.93683
748.0,,5.953476999999999
748.3,,5.900974
748.5,,5.907376999999999
748.8,,5.84463
749.0,,5.907376999999999
749.3,,5.879205000000001
749.5,,5.872802
749.8,,5.877924
750.0,,5.836946
750.3,,5.876644000000001
750.5,,5.875363
750.8,,5.840788
751.0,,5.862557
751.3,,5.774198999999999
751.5,,5.789566000000001
751.8,,5.822859999999999
752.0,,5.615409
752.3,,5.61797
752.5,,5.474548
752.8,,5.551382
753.0,,5.653826
753.3,,5.664071
753.5,,5.765235
753.8,,5.688401
754.0,,5.802371
754.3,,5.742185
754.5,,5.749868
754.8,,5.760113
755.0,,5.733221
755.3,,5.79853
755.5,,5.757552
755.8,,5.772918
756.0,,5.776759999999999
756.3,,5.827982
756.5,,5.826702
756.8,,5.757552
757.0,,5.735782
757.3,,5.722976999999999
757.5,,5.816457
757.8,,5.749868
758.0,,5.746027
758.3,,5.765235
758.5,,5.660229
758.8,,5.726818
759.0,,5.633337
759.3,,5.716574
759.5,,5.706329
759.8,,5.583394999999999
760.0,,5.699926
760.3,,5.555223000000001
760.5,,5.59364
760.8,,5.583394999999999
761.0,,5.601323000000001
761.3,,5.591079
761.5,,5.527051
761.8,,5.546259
762.0,,5.52577
762.3,,5.602604
762.5,,5.600043
762.8,,5.611568
763.0,,5.600043
763.3,,5.594921
763.5,,5.667912
763.8,,5.591079
764.0,,5.612848000000001
764.3,,5.541137
764.5,,5.625654
764.8,,5.573151
765.0,,5.589798
765.3,,5.475828
765.5,,5.553943
765.8,,5.588518
766.0,,5.606445
766.3,,5.374664
766.5,,5.22838
766.8,,5.398695
767.0,,5.488334
767.3,,5.590779
767.5,,5.589499
767.8,,5.545959
768.0,,5.515226
768.3,,5.556204
768.5,,5.530592
768.8,,5.560045
769.0,,5.494737000000001
769.3,,5.594621
769.5,,5.487053
769.8,,5.485773
770.0,,5.470406
770.3,,5.525469999999999
770.5,,5.561326
770.8,,5.517787
771.0,,5.538276000000001
771.3,,5.506262
771.5,,5.553643
771.8,,5.487053
772.0,,5.460162
772.3,,5.376925
772.5,,5.526751
772.8,,5.492176000000001
773.0,,5.490895
773.3,,5.548521
773.5,,5.652246
773.8,,5.650965
774.0,,5.630476
774.3,,5.584376
774.5,,5.663771
774.8,,5.609987
775.0,,5.675296
775.3,,5.580533999999999
775.5,,5.663771
775.8,,5.658648
776.0,,5.595901
776.3,,5.595901
776.5,,5.560045
776.8,,5.566448
777.0,,5.63816
777.3,,5.567729
777.5,,5.583096
777.8,,5.526751
778.0,,5.565168
778.3,,5.498579
778.5,,5.341069999999999
778.8,,5.347473
779.0,,5.467845
779.3,,5.549801
779.5,,5.375645
779.8,,5.577973
780.0,,5.480651
780.3,,5.649685
780.5,,5.645843
780.8,,5.597182
781.0,,5.721395999999999
781.3,,5.699626
781.5,,5.609987
781.8,,5.675296
782.0,,5.622793
782.3,,5.625354
782.5,,5.695785
782.8,,5.631757
783.0,,5.577973
783.3,,5.522908999999999
783.5,,5.625354
783.8,,5.567729
784.0,,5.544679
784.3,,5.520348
784.5,,5.581815
784.8,,5.534434
785.0,,5.603584
785.3,,5.529312
785.5,,5.714993
785.8,,5.698346
786.0,,5.680418
786.3,,5.722677
786.5,,5.695785
786.8,,5.745727
787.0,,5.754691
787.3,,5.763655
787.5,,5.712432
787.8,,5.676577
788.0,,5.713712999999999
788.3,,5.709871
788.5,,5.703468
788.8,,5.672734999999999
789.0,,5.461442
789.3,,5.659929
789.5,,5.645843
789.8,,5.589499
790.0,,5.522908999999999
790.3,,5.458881
790.5,,5.682979
790.8,,5.566448
791.0,,5.63944
791.3,,5.577973
791.5,,5.816157
791.8,,5.757251999999999
792.0,,5.75341
792.3,,5.800791
792.5,,5.656087
792.8,,5.787985
793.0,,5.604865
793.3,,5.496017
793.5,,5.579254
793.8,,5.814877
794.0,,5.720116
794.3,,5.775179000000001
794.5,,5.740604
794.8,,5.732921
795.0,,5.811035
795.3,,5.716273999999999
795.5,,5.603584
795.8,,5.403817
796.0,,5.530592
796.3,,5.918602
796.5,,6.000558
796.8,,6.026469000000001
797.0,,5.997016
797.3,,5.945794
797.5,,5.927866000000001
797.8,,6.123792
798.0,,6.062325
798.3,,6.126353
798.5,,5.945794
798.8,,6.208309
799.0,,6.178856
799.3,,5.59364
799.5,,6.094339
799.8,,5.47839
800.0,,5.594921
800.3,,5.911219
800.5,,5.612848000000001
800.8,,5.737062
801.0,,5.722976999999999
801.3,,5.766516
801.5,,6.040555
801.8,,5.880486
802.0,,5.927866000000001
802.3,,5.925305000000001
802.5,,5.904816
802.8,,6.081533
803.0,,5.952197
803.3,,6.003419
803.5,,5.979088
803.8,,5.957319
804.0,,6.045678
804.3,,5.931708
804.5,,5.986772
804.8,,5.971405
805.0,,5.947074
805.3,,5.988052
805.5,,5.915061
805.8,,5.929147
806.0,,5.872802
806.3,,5.349053
806.5,,5.494737000000001
806.8,,5.516507
807.0,,5.563887
807.3,,5.164352
807.5,,5.333386
807.8,,5.461442
808.0,,5.47809
808.3,,5.311617
808.5,,6.086355999999999
808.8,,5.486073
809.0,,5.416923000000001
809.3,,5.181
809.5,,5.31802
809.8,,5.423026
810.0,,5.380767
810.3,,5.440952999999999
810.5,,5.429429
810.8,,5.484491999999999
811.0,,5.489614
811.3,,5.512665
811.5,,5.629196
811.8,,5.528030999999999
812.0,,5.563887
812.3,,5.581815
812.5,,5.606146
812.8,,5.736763
813.0,,5.744446
813.3,,5.962142
813.5,,6.007261
813.8,,6.122511
814.0,,6.02775
814.3,,6.02775
814.5,,6.123792
814.8,,6.070008000000001
815.0,,6.130195
815.3,,6.00598
815.5,,5.967564
815.8,,5.857435
816.0,,5.523209
816.3,,5.793407
816.5,,5.641021
816.8,,5.597482
817.0,,5.523209
817.3,,5.683279
817.5,,5.582115
817.8,,5.629496
818.0,,5.528331
818.3,,5.698646
818.5,,5.819018
818.8,,5.584676
819.0,,5.606445
819.3,,5.61669
819.5,,5.712732
819.8,,5.703768
820.0,,5.744746
820.3,,5.665351
820.5,,5.625654
820.8,,5.793407
821.0,,5.712732
821.3,,5.73194
821.5,,5.848471
821.8,,5.722976999999999
822.0,,5.821579
822.3,,5.788285
822.5,,5.757552
822.8,,5.625654
823.0,,5.655107
823.3,,5.765235
823.5,,5.647423000000001
823.8,,5.692243
824.0,,5.602604
824.3,,5.615409
824.5,,5.720416
824.8,,5.641021
825.0,,5.603884
825.3,,5.555223000000001
825.5,,5.717854
825.8,,5.688401
826.0,,5.630776
826.3,,5.516806
826.5,,5.670474
826.8,,5.737062
827.0,,5.669193
827.3,,5.598762000000001
827.5,,5.52577
827.8,,5.66151
828.0,,5.629496
828.3,,5.585957
828.5,,5.552662000000001
828.8,,5.646143
829.0,,5.690962
829.3,,5.68584
829.5,,5.716574
829.8,,5.585957
830.0,,5.816457
830.3,,5.740904
830.5,,5.820298999999999
830.8,,5.77804
831.0,,5.817737999999999
831.3,,5.883047
831.5,,5.795969
831.8,,5.808774
832.0,,5.744746
832.3,,5.781882
832.5,,5.839508
832.8,,5.696084
833.0,,5.675596
833.3,,5.620532
833.5,,5.852313
833.8,,5.77804
834.0,,5.738343
834.3,,5.758832
834.5,,5.746027
834.8,,5.787004
835.0,,5.725537999999999
835.3,,5.748588
835.5,,5.702487000000001
835.8,,5.794688
836.0,,5.785724
836.3,,5.812616
836.5,,5.804932
836.8,,5.816457
837.0,,5.945794
837.3,,5.888169
837.5,,5.931708
837.8,,5.880486
838.0,,5.883047
838.3,,5.888169
838.5,,5.854874
838.8,,5.840788
839.0,,5.842069
839.3,,5.876644000000001
839.5,,5.84591
839.8,,6.018786
840.0,,6.058483
840.3,,5.973966000000001
840.5,,5.948355
840.8,,5.904816
841.0,,5.84591
841.3,,5.853594
841.5,,5.816457
841.8,,5.824141
842.0,,5.927866000000001
842.3,,5.830544000000001
842.5,,5.84591
842.8,,5.819018
843.0,,5.776759999999999
843.3,,5.831824
843.5,,5.793407
843.8,,5.842069
844.0,,5.787004
844.3,,5.943233
844.5,,5.904816
844.8,,5.925305000000001
845.0,,5.903535
845.3,,5.740904
845.5,,6.026469000000001
845.8,,5.973966000000001
846.0,,5.915061
846.3,,5.918902
846.5,,5.918902
846.8,,5.975247
847.0,,6.022627
847.3,,5.939391000000001
847.5,,5.952197
847.8,,5.935549
848.0,,5.941952
848.3,,5.977808
848.5,,5.952197
848.8,,5.979088
849.0,,5.948355
849.3,,5.922744000000001
849.5,,5.935549
849.8,,5.903535
850.0,,5.926586
850.3,,5.929147
850.5,,5.903535
850.8,,5.931708
851.0,,5.900974
851.3,,5.893291000000001
851.5,,5.921463
851.8,,5.89201
852.0,,5.954758
852.3,,5.909937999999999
852.5,,5.95988
852.8,,5.943233
853.0,,5.962441
853.3,,6.021347
853.5,,5.966283
853.8,,5.943233
854.0,,5.994455
854.3,,5.95988
854.5,,6.061044
854.8,,5.997016
855.0,,5.982930000000001
855.3,,5.990613
855.5,,5.95988
855.8,,5.988052
856.0,,5.982930000000001
856.3,,5.967564
856.5,,5.999578
856.8,,5.985491000000001
857.0,,6.008541999999999
857.3,,6.000858
857.5,,5.970125
857.8,,5.961161
858.0,,5.941952
858.3,,5.979088
858.5,,5.972686
858.8,,5.967564
859.0,,5.970125
859.3,,5.931708
859.5,,5.965003
859.8,,6.003419
860.0,,5.950916
860.3,,5.977808
860.5,,5.949636
860.8,,5.9586
861.0,,5.889449
861.3,,5.831824
861.5,,6.099461
861.8,,6.105864
862.0,,6.014944
862.3,,6.049519
862.5,,6.007261
862.8,,5.988052
863.0,,6.007261
863.3,,5.972686
863.5,,5.968844
863.8,,6.013664
864.0,,5.973966000000001
864.3,,6.008541999999999
864.5,,5.985491000000001
864.8,,5.93683
865.0,,6.013664
865.3,,5.924025
865.5,,5.926586
865.8,,5.95988
866.0,,5.947074
866.3,,5.93683
866.5,,5.999578
866.8,,5.953476999999999
867.0,,5.980369
867.3,,5.944513
867.5,,5.920183
867.8,,5.962441
868.0,,5.932988
868.3,,5.921463
868.5,,5.924025
868.8,,5.907376999999999
869.0,,5.871521
869.3,,5.948355
869.5,,5.931708
869.8,,5.927866000000001
870.0,,5.966283
870.3,,5.948355
870.5,,5.967564
870.8,,6.061044
871.0,,6.034153
871.3,,6.104583
871.5,,6.086656
871.8,,6.030311
872.0,,6.151964
872.3,,6.031591000000001
872.5,,6.072569000000001
872.8,,6.031591000000001
873.0,,6.045678
873.3,,6.098180999999999
873.5,,6.016225
873.8,,6.023908
874.0,,5.972686
874.3,,5.976527
874.5,,6.030311
874.8,,5.971405
875.0,,5.991894
875.3,,6.017505
875.5,,6.0969
875.8,,6.125072
876.0,,6.040555
876.3,,6.026469000000001
876.5,,6.014944
876.8,,5.975247
877.0,,6.013664
877.3,,6.00598
877.5,,6.0047
877.8,,6.009822
878.0,,6.029030000000001
878.3,,6.107144
878.5,,6.037994
878.8,,6.063605
879.0,,6.022627
879.3,,6.0508
879.5,,6.084095
879.8,,6.018786
880.0,,6.134036
880.3,,6.122511
880.5,,6.031591000000001
880.8,,6.203187000000001
881.0,,6.148122
881.3,,6.131475
881.5,,6.091778
881.8,,6.150683
882.0,,6.145561
882.3,,6.145561
882.5,,6.151964
882.8,,6.039275
883.0,,6.029030000000001
883.3,,6.009822
883.5,,5.836946
883.8,,5.320880000000001
884.0,,5.419184
884.3,,5.289847
884.5,,5.282164
884.8,,4.896715
885.0,,5.412001999999999
885.3,,5.587439
885.5,,5.818718
885.8,,5.79823
886.0,,5.631757
886.3,,5.714993
886.5,,5.937811
886.8,,6.299229
887.0,,6.361976
